
SET SQL_MODE = "NO_AUTO_VALUE_ON_ZERO";
SET AUTOCOMMIT = 0;
START TRANSACTION;
SET time_zone = "+00:00";


/*!40101 SET @OLD_CHARACTER_SET_CLIENT=@@CHARACTER_SET_CLIENT */;
/*!40101 SET @OLD_CHARACTER_SET_RESULTS=@@CHARACTER_SET_RESULTS */;
/*!40101 SET @OLD_COLLATION_CONNECTION=@@COLLATION_CONNECTION */;
/*!40101 SET NAMES utf8mb4 */;--
-- Datenbank: `CocktailDBGaeste`
--

-- --------------------------------------------------------

--
-- Tabellenstruktur für Tabelle `tbgast`
--

CREATE TABLE `tbgast` (
  `IDgast` int(10) NOT NULL,
  `LastName` varchar(255) COLLATE utf8_german2_ci DEFAULT NULL,
  `FirstName` varchar(255) COLLATE utf8_german2_ci DEFAULT NULL,
  `Address` varchar(255) COLLATE utf8_german2_ci DEFAULT NULL,
  `IDplz` int(10) DEFAULT NULL,
  `GEBDatum` date DEFAULT NULL,
  `IDSex` int(10) DEFAULT NULL,
  `AnzahlC` int(11) DEFAULT NULL,
  `Guthaben` decimal(10,2) NOT NULL
) ENGINE=InnoDB DEFAULT CHARSET=utf8 COLLATE=utf8_german2_ci;

--
-- Daten für Tabelle `tbgast`
--

INSERT INTO `tbgast` (`IDgast`, `LastName`, `FirstName`, `Address`, `IDplz`, `GEBDatum`, `IDSex`, `AnzahlC`, `Guthaben`) VALUES
(21, 'Bauer', 'Sandra', 'Albertstr12', 1, '1995-01-01', 1, 2, '100.00'),
(22, 'Geyer', 'Peter', 'Egelheide 23', 2, '1998-01-02', 2, 8, '0.00'),
(23, 'Schwin', 'Heinrich', 'Um Heiderhausen 10', 3, '1998-01-03', 2, 0, '-45.75'),
(24, 'Schwan', 'Ursula', 'Am Wassertutm 23a', 4, '1998-01-04', 1, 34, '120.00'),
(25, 'Weiß', 'Werner', 'Lindenallee 33', 5, '1998-01-05', 2, 33, '210.50'),
(26, 'Klemm', 'Friedrich', 'Sintergasse 3', 6, '1998-01-06', 2, 0, '0.00'),
(27, 'Sauer', '?', 'Hafeneinfahrt 2', 7, '1991-01-07', 3, 56, '-67.25'),
(28, 'Weitzel', 'Michael', 'Luegallee 145', 1, '1998-01-08', 2, 19, '150.00'),
(29, 'Wahle', 'Eberhard', 'Kreuzbergerstr. 12', 8, '1998-01-09', 2, 0, '0.00'),
(30, 'Baad', 'Susanne', 'Ehrenfelder Alle 23', 9, '1998-01-10', 1, 0, '0.00'),
(31, 'Schneider', 'Ralph', 'Zubringer 12', 10, '2018-01-11', 2, 66, '110.90'),
(32, 'Bank', 'Anton', 'Schinkelgassse 2', 11, '1998-01-12', 2, 5, '0.00'),
(33, 'Gauss', 'Manfred', 'Weserweg 1', 12, '1998-01-13', 2, 17, '210.50'),
(34, 'Kreuz', '?', 'Unter den Linden 33', 13, '1968-01-14', 3, 7, '-31.55'),
(35, 'Rasch', 'Regine', 'Zur Eishalle 5', 14, '1998-01-15', 1, 2, '6.00');

-- --------------------------------------------------------

--
-- Tabellenstruktur für Tabelle `tbgastcocktail`
--

CREATE TABLE `tbgastcocktail` (
  `CocktailNr` int(10) NOT NULL,
  `IDgast` int(10) NOT NULL,
  `Benotung` tinyint(4) NOT NULL,
  `BewertungText` text COLLATE utf8_german2_ci,
  `BewertungsDatum` datetime NOT NULL DEFAULT CURRENT_TIMESTAMP
) ENGINE=InnoDB DEFAULT CHARSET=utf8 COLLATE=utf8_german2_ci;

-- --------------------------------------------------------

--
-- Tabellenstruktur für Tabelle `tbgeschlecht`
--

CREATE TABLE `tbgeschlecht` (
  `IDsex` int(10) NOT NULL,
  `Geschlecht` varchar(255) COLLATE utf8_german2_ci DEFAULT NULL,
  `anrede` varchar(255) COLLATE utf8_german2_ci DEFAULT NULL
) ENGINE=InnoDB DEFAULT CHARSET=utf8 COLLATE=utf8_german2_ci;

--
-- Daten für Tabelle `tbgeschlecht`
--

INSERT INTO `tbgeschlecht` (`IDsex`, `Geschlecht`, `anrede`) VALUES
(1, 'w', 'Frau'),
(2, 'm', 'Herr'),
(3, 'unbekannt', NULL);

-- --------------------------------------------------------

--
-- Tabellenstruktur für Tabelle `tblcocktail`
--

CREATE TABLE `tblcocktail` (
  `CocktailNr` int(11) NOT NULL,
  `Cocktail` varchar(50) COLLATE utf8_bin DEFAULT NULL,
  `Zubereitung` mediumtext COLLATE utf8_bin,
  `Bemerkung` mediumtext COLLATE utf8_bin,
  `GlasNr` int(11) DEFAULT NULL,
  `GruppeNr` int(11) DEFAULT NULL,
  `CocktailBild` mediumblob,
  `Alkoholgehalt` double DEFAULT NULL,
  `CocktailErfaßt` datetime DEFAULT NULL,
  `CocktailGeändert` datetime DEFAULT NULL,
  `CocktailVersion` smallint(6) DEFAULT NULL
) ENGINE=InnoDB DEFAULT CHARSET=utf8 COLLATE=utf8_bin;

--
-- Daten für Tabelle `tblcocktail`
--

INSERT INTO `tblcocktail` (`CocktailNr`, `Cocktail`, `Zubereitung`, `Bemerkung`, `GlasNr`, `GruppeNr`, `CocktailBild`, `Alkoholgehalt`, `CocktailErfaßt`, `CocktailGeändert`, `CocktailVersion`) VALUES
(121, 'Bermuda Rose', 'Die Zutaten im Shaker mit Eis gut schütteln und durch das Barsieb in ein Cocktailglas geben.\r\nEine Orangenscheibe halbieren, einschneiden und an den Glasrand hängen.', 'Sehr trockener Shortdrink, der sich auch gut als Apéritif eignet.', 15, NULL, 0x151c3100020000000800150014001c00ffffffff436c6970417274004d535f436c69704172745f47616c6c6572792e32000105000002000000130000004d535f436c69704172745f47616c6c6572790000000000000000008e020000ffe0f50501015370656973656e20262047657472e46e6b6500433a5c4d534f66666963655c436c69706172745c4452494e4b2e574d46000a00000000000000000000020036c0522a41003cca400020000000380b00000100000220000000540a000048e46a0040128e0001000000941bf67f387148000c0000000c0000007c0249002c00000034e46a00967bf7bf20e46a00bc4c7d820c000000b0e86a007fdff9bff300000034e46a000c0000007c0249002c7540000002000010019e009c74400010019e0000020000b8e46a000002000064e46a0078e46a00f8094100000200000100000000000000125370656973656e20262047657472e46e6b651d433a5c4d534f66666963655c436c69706172745c4452494e4b2e574d46000000000000000000000000000000000000000000000000000000000000000000000000000000000000000000000000000000000000000000000000000000000000000000000000000000000000000000000000000000000000000000000000000000000000000000000000000000000000000000000000000000000000000000000000000000000000000000000000000000000000000000000000000000000000000000000000000000000000000000000000000000000000000000000000000000000000000000000000000000000000000000000000000000000000000000000000000000000000000000000000000000000000000000000000000000000000000000000000000000000000000000000000000000000000000000000000000000000000000000000000000000000000000000000000000000000000000000000000000000000000000000000000000000000000000000000000000000000000000000000000000000000000000000000001050000050000000d0000004d45544146494c455049435400060800006decfffff80a00000800060893130000010009000003780500000500fe01000000000400000003010800050000000b02580370fd050000000c020d0b9900050000000b02580370fd050000000c02b5072903050000000b020d0b70fd050000000c024bf8290307000000fc020100000000020000040000002d01000009000000fa02000000000000000000022200040000002d0101000400000004010d0009000000fa02050000000000ffffff022200040000002d01020007000000fc020000000000020000040000002d0103000400000006010100fe0100002403fd0034ff3d093fff40094cff41095aff42096aff42097aff41098aff40099aff3f09a9ff3d09a5ff1b09a2fff908a1ffd608a3ffb308a7ff9008b0ff6d08bdff4a08d0ff2708e8fffb07fbffce070800a2071100760714004b07130021070d00f9060300d206f5ffaf06e4ff8d06ceff7006b5ff550699ff3f067aff2c0658ff1f0634ff160663ffbb047bffbb0493ffbb04abffb904c2ffb604daffb104f1ffac040600a4041b009c042e009204400086044f0079045d006a0468005904700047047600320478001c04770008047100f5036900e3035d00d2034e00c1033d00b2032900a30313009603fbff8903e2ff7e03c7ff7503abff6c038eff660371ff600354ff5d0336ff5b0324ff5b0310ff5b03fafe5d03e2fe5f03c9fe6303b0fe680397fe6e037efe750366fe7e034ffe88033afe940327fea10316feb00309fec10300fed403fafde903f9fdfe03fdfd130404fe26040ffe39041dfe4a042dfe5a043ffe690452fe760465fe820479fe8d048cfe96049ffe9e04affea404befea804c9feab04d2feac0499fe16068afe17067afe190669fe1d0657fe230646fe290634fe320622fe3b0611fe450600fe5106f0fd5d06e1fd6b06d3fd7906c6fd8806bcfd9706b3fda706acfdb806a6fdce06a1fde6069efd00079dfd1b07a0fd3907a6fd5807b0fd7a07befd9e07c9fdc207cffdef07d0fd2108cbfd5608bffd8808acfdb50892fdda0870fdf20879fdfa0883fd01098efd080999fd0e09a5fd1409b2fd1a09bffd1f09cdfd2409dafd2809e8fd2c09f5fd300903fe330910fe37091dfe390929fe3c0935fe3e0941fe3e0953fe3e096afe3e0982fe3f099afe3f09affe4009c0fe4009cafe400913ffbb090cffbc0904ffbe09fafebf09f1fec009e6fec209dbfec309d0fec409c4fec409b8fec409adfec409a2fec30997fec1098cfebe0983febb097afeb70972feb2097afece0981feeb0987fe090a8dfe270a86fe310a7dfe3a0a74fe440a6afe4c0a5ffe550a53fe5c0a47fe640a3bfe6b0a2efe710a21fe770a14fe7c0a07fe810afafd860aeefd890ae2fd8c0ad6fd8f0aecfd960a06fe9c0a21fea10a3ffea60a5ffeab0a80feae0aa1feb20ac4feb50ae6feb70a08ffb90a29ffba0a4affbb0a68ffbc0a85ffbb0aa0ffba0ab8ffb90af7ff0d0b2100d70af1ff920afaff800a04006b0a1000530a1c00380a29001b0a3700fd094500dd095300bd0960009d096c007e0978006009820043098b002909920011099700fd089900ec088800fe0875001109600026094b003a0936004f09210062090e007309fdff8209f1ff7b09e0ff7409ccff6e09b8ff6809a5ff630994ff5f0989ff5c0985ff5b0958ffac0954ffa6094fff9c0947ff8f093eff800934ff6f092aff5e091fff4c0915ff3b0934ff3d0907000000fc020000ffffff020000040000002d01040004000000f0010300040000002d010200040000002d01020007000000fc020000ffffff020000040000002d01030004000000060101008800000024034200a3ff8504a8ff7404a8ff6004a3ff4b0499ff36048aff230476ff12045dff060440fffe0324fffd030dff0204fbfe0d04eefe1b04e4fe2c04defe3f04dafe5304d8fe6704cefe6704c2fe6304b7fe5d04abfe5504a2fe4a049cfe3c0499fe2d049cfe1c04a1fe0f04a7fe0404aefef903b7fef003c1fee703cbfee003d7fed903e4fed403f1fecf03fffecc030dffc9031cffc7032bffc6033bffc6034bffc7035bffc80366ffca0373ffcc0380ffd0038effd4039bffda03a9ffe003b7ffe703c4ffee03d0fff603dcffff03e6ff0804eeff1204f5ff1c04faff2704fdff3204fdff3d04faff4d04f4ff5b04ebff6804e0ff7304d3ff7c04c4ff8404b3ff8a04a0ff8f04a3ff8504040000002d01040004000000f0010300040000002d010200040000002d01020007000000fc020000ffffff020000040000002d01030004000000060101000e0000002403050007ffdc04edfed7050dffda0528ff320507ffdc04040000002d01040004000000f0010300040000002d010200040000002d01020007000000fc020000ffffff020000040000002d01030004000000060101000e00000024030500f0fe030adefe660a94ff7d0a3dff090af0fe030a040000002d01040004000000f0010300040000002d010200040000002d01020007000000fc020000ffffff020000040000002d01030004000000060101000e00000024030500b2ffaf0985ffeb09d0ff630aeeffb809b2ffaf09040000002d01040004000000f0010300040000002d010200040000002d01020007000000fc020000ffffff020000040000002d0103000400000006010100f60000002403790010ff8b0628ff8a063fff8b0654ff900668ff97067affa0068affa90698ffb406a3ffbe06adffca06b8ffd906c2ffeb06ccff0007d4ff1607dbff2e07e0ff4607e2ff5f07deff9607cfffca07b9fffc07a1ff2a088aff570877ff83086dffaf0870ffda0863ffce0854ffc20843ffb50833ffa80824ff9b0817ff8e080eff83080aff78080dff6f0817ff660825ff5f0836ff590847ff540856ff500860ff4c0864ff480860ff440854ff3d0844ff350832ff2c081fff23080fff180803ff0e08fffe040806fffb0717fff6072ffff2074bfff00767ffee077fffed0790ffec0797ffe90795ffe70790ffe30788ffdf077effd90772ffd30764ffcc0756ffc50747ffbe0737ffb60729ffae071bffa7070fffa00705ff9907fdfe9307f8fe8d07f6fe8907f9fe850700ff81070bff7e0719ff7a072aff77073dff740751ff710766ff6e077bff6b078fff6807a2ff6507b3ff6307c1ff6007ccff5e07d3ff5b07d6ff5907d4ff5607ccff5207c2ff4c07b3ff4607a3ff3f0790ff38077cff300767ff280752ff1f073eff17072bff10071aff09070cff030700fffd06f9fef906f6fef606fbfef2060affef0620ffec0639ffe90653ffe50669ffe00679ffda067fffd2067bffc90671ffbe0661ffb4064fffa9063cff9f062aff97061bff900610ff8b06040000002d01040004000000f0010300040000002d010200040000002d01020007000000fc020000ffffff020000040000002d0103000400000006010100480000002403220035fe3e0947fe3f095dfe400974fe40098afe4109a0fe4009b3fe4009c1fe4009cafe400999fee3087cfedc0860feda0845fedb082efedf081afee4080afeea0801fef008fdfdf508fefdfa0800feff0804fe05090bfe0a0913fe0f091efe14092cfe17093cfe19094bfe1b0954fe200958fe260958fe2d0954fe33094cfe390942fe3d0935fe3e09040000002d01040004000000f0010300040000002d010200040000002d01020007000000fc020000ffffff020000040000002d0103000400000006010100300000002403160034ff3d0915ff3b090eff2e0907ff220901ff1809fcfe0f09f8fe0809f5fe0209f4feff08f3fefe08fafefe0804fffe0810ff01091eff05092bff0b0938ff140942ff1e0949ff2b0949ff320944ff37093dff3b0934ff3d09040000002d01040004000000f0010300040000002d01020004000000f001000004000000f00101000300000000008bad05fe, 0.305, '1996-04-15 08:25:21', '1996-04-15 08:25:27', 1),
(122, 'Bloody Mary', 'Eiswürfel in ein Longdrinkglas geben. Dann Wodka, Zitronensaft, Tomatensaft, Pfeffer, Selleriesalz und einige Spritzer Tabasco sowie Worcestersauce dazugeben. Vorsichtig umrühren.', 'Gegebenenfalls weniger Wodka verwenden.', 9, NULL, NULL, 0.11098779134295225, '1996-04-15 08:25:21', '1996-04-15 08:25:27', 1),
(123, 'Bourbon Highball Cola', 'Füllen Sie mehrere Eiswürfel in ein Longdrinkglas. Geben Sie den Whiskey und die Zitronenscheibe hinzu und füllen Sie dann das Glas mit Cola auf.', NULL, NULL, NULL, NULL, 0.12285714285714286, '1996-04-16 00:00:00', '1996-04-15 08:25:27', 1),
(124, 'Campari Orange', 'Geben Sie Eiswürfel in ein Longdrinkglas und füllen Sie den Campari hinzu. Schütten Sie eiskalten Orangensaft hinzu und rühren Sie leicht um. Servieren Sie sofort.', 'Als Aperitif geeignet.', 9, NULL, NULL, 0.08333333333333333, '1996-04-15 08:25:21', '1996-04-21 23:30:06', 1);
INSERT INTO `tblcocktail` (`CocktailNr`, `Cocktail`, `Zubereitung`, `Bemerkung`, `GlasNr`, `GruppeNr`, `CocktailBild`, `Alkoholgehalt`, `CocktailErfaßt`, `CocktailGeändert`, `CocktailVersion`) VALUES
(125, 'Kir', 'Geben Sie die Creme de Cassis in ein Sektglas und füllen Sie mit dem eiskalten Weißwein auf.', 'Als Aperitif geeignet.', 4, NULL, 0x151c3100020000000800150014001c00ffffffff436c6970417274004d535f436c69704172745f47616c6c6572792e32000105000002000000130000004d535f436c69704172745f47616c6c6572790000000000000000008e020000ffe0f505010128416c6c65204b617465676f7269656e2900433a5c4d534f66666963655c436c69706172745c50637366696c65735c706f70756c61722e706373000088c2440068e46a0000000500407b02005a84020000000000e50000018a83b41f37170000522a410001000000941bf67f387148000c0000000c0000007c0249002c00000034e46a00967bf7bf20e46a000cca6d820c000000b0e86a007fdff9bff300000034e46a000c0000007c0249002c75400000020000180c9e009c744000180c9e0000020000b8e46a000002000064e46a0078e46a00f80941000002000001005053520000001128416c6c65204b617465676f7269656e2928433a5c4d534f66666963655c436c69706172745c50637366696c65735c706f70756c61722e7063730000000000000000000000000000000000000000000000000000000000000000000000000000000000000000000000000000000000000000000000000000000000000000000000000000000000000000000000000000000000000000000000000000000000000000000000000000000000000000000000000000000000000000000000000000000000000000000000000000000000000000000000000000000000000000000000000000000000000000000000000000000000000000000000000000000000000000000000000000000000000000000000000000000000000000000000000000000000000000000000000000000000000000000000000000000000000000000000000000000000000000000000000000000000000000000000000000000000000000000000000000000000000000000000000000000000000000000000000000000000000000000000000000000000000000000000000000000000000000000000000001050000050000000d0000004d45544146494c455049435400ba270000fbdaffff128800000800ba2705250000010009000003054400000500b200000000000400000003010800050000000b0200000000050000000c02100bdf0b050000000b0240fc13fa050000000c02100bdf0b030000001e000e00000026060f001200ffffffff00000800000013fa40fcf20550070a00000026060f000a00ffffffff0200000000001700000026060f002400ffffffff04001a000000544e505014004d6963726f736f667420506f776572506f696e740b00000026060f000c00544e505000000200000050000a00000026060f000a00ffffffff0300000000000e00000026060f001200544e50500400080000000100010000000000050000000b0240fc13fa050000000c02100bdf0b57000000f700000329000000000000400000006000000080000000a0000000c0000000c0c00000e0e000200020004000400040ff4000600060008000800080ffff00a000a000c0ffff00e0800000ff00ff00ff800000ffa04000ffffff0000000000800000000080000080800000000080008000800000808000c0c0c000c0dcc000a6caf000fffbf000a0a0a40080808000ff00000000ff0000ffff00000000ff00ff00ff0000ffff00ffffff0004000000340200000300000035000e00000026060f001200ffffffff000008000000c6fe3aff41018a010e00000026060f001200ffffffff000008000000fcff3aff410160000e00000026060f001200ffffffff00000800000046004dfc1605ae0107000000fc02000000e0e0020000040000002d01010009000000fa02050000000000ffffff002200040000002d01020009000000fa0206000800000000c0c0022200040000002d010300b20000002403570046007000dd0000007c0171ffc701fafe03027afe22020ffe3602affd520234fd52026cfd5602abfd6202ebfd8a0270fdb602f8fced0299fc31034dfc0503adfce1021cfdc50280fdaa02e3fd920233fe6a02aafea60247fed10203fe1503b3fd510374fd900340fdc8031cfd4704fcfc030420fdd80344fd980378fd6003bbfd250303fef50243fec90292feaa02fafee502aafe1d0372fe49034afe84032bfecc0313fe0b0407fe53040bfea60423fece0452fed604a2feae0456fe87043bfe47042bfef7033bfeb8035efe880392fe7003d2feac03befef403a6fe2b049efe7b04aefe2b04c6feec03defeb803fafe800329fff70321ff470421ff830421ff0e0545ff63043dfffb0351ff3f0465ff7b0481ffb604a9ffe604d0ff8704b1ff4304a5ffff03a9ffb003b9ff6403d4ff1503f8ff550304000b0434006c03240019032c00bc03700015034c00bd0254006a027f002202b300cd00a6010a00000026060f000a00ffffffff0100000000000e00000026060f001200ffffffff000008000000ca003aff4101aeff0e00000026060f001200ffffffff0000080000002c044bfce40508fe07000000fc020000e08000020000040000002d01040004000000f0010100040000002d01020009000000fa02060008000000000000022200040000002d01010004000000f00103002c000000240314002f04d2fc2c049efc34047afc4b045cfc73044cfcae044bfcef0450fc2e0564fc5d057cfc86059ffca905cafcc90503fdd6053bfddc056dfdd80595fdcd05c1fdb905e4fda105f6fd7d0500fe4d05f2fd0a00000026060f000a00ffffffff0100000000000e00000026060f001200ffffffff000008000000c9030bfd0b0559fe07000000fc020000ffa040020000040000002d01030004000000f0010400040000002d01020009000000fa02060008000000000000022200040000002d01040004000000f00101002400000024031000f5044afed20451feaa044cfe830439fe5f0428fe380410fe1504f2fdfb03cefde403a5fdd10376fdcc0351fdc9032dfdd4030bfd4b0417fdce044ffd0305e0fd0a00000026060f000a00ffffffff0100000000000e00000026060f001200ffffffff000008000000d503bafc760550fe07000000fc020000ff8000020000040000002d01010004000000f0010300040000002d01020009000000fa02060008000000000000022200040000002d01030004000000f00104002e000000240315003f04bafc6f04bafca404c3fcd304d1fcfc04e4fc220502fd3f0523fd530543fd630566fd6c058efd6e05b6fd6a05e2fdf60448feef0410fee204e4fdc804a9fda60481fd7b0453fd3f042bfd0d0416fdd50308fd0a00000026060f000a00ffffffff0100000000000a00000026060f000a00ffffffff0100000000000e00000026060f001200ffffffff000008000000fcff52ff220147000e00000026060f001200ffffffff0000080000007700f4ff9c001b000e00000026060f001200ffffffff0000080000003c02c7ffce02640007000000fc02000080ffff020000040000002d01040004000000f0010100040000002d0102000700000018046500cf02c7ff3c020a00000026060f000a00ffffffff0100000000000e00000026060f001200ffffffff0000080000005502d3ffc102440007000000fc02000000e0e0020000040000002d01010004000000f00104000700000018044500c202d3ff55020a00000026060f000a00ffffffff0100000000000e00000026060f001200ffffffff0000080000004602d4ffb8025a0007000000fc02000080ffff020000040000002d01040004000000f00101000700000018045b00b902d4ff46020a00000026060f000a00ffffffff0100000000000e00000026060f001200ffffffff0000080000004d02deff96022f0007000000fc020000c0ffff020000040000002d01010004000000f001040007000000180430009702deff4d020a00000026060f000a00ffffffff0100000000000e00000026060f001200ffffffff0000080000005702f2ff7002110007000000fc020000ffffff020000040000002d01040004000000f001010007000000180412007102f2ff57020a00000026060f000a00ffffffff0100000000000a00000026060f000a00ffffffff0100000000000e00000026060f001200ffffffff0000080000008500d0ffa900f7ff0e00000026060f001200ffffffff0000080000007e021bff0f03b8ff07000000fc02000080ffff020000040000002d01010004000000f0010400070000001804b9ff10031bff7e020a00000026060f000a00ffffffff0100000000000e00000026060f001200ffffffff0000080000008a023bfff602acff07000000fc02000000e0e0020000040000002d01040004000000f0010100070000001804adfff7023bff8a020a00000026060f000a00ffffffff0100000000000e00000026060f001200ffffffff000008000000930225ff0403abff07000000fc02000080ffff020000040000002d01010004000000f0010400070000001804acff050325ff93020a00000026060f000a00ffffffff0100000000000e00000026060f001200ffffffff000008000000b40250ffff02a1ff07000000fc020000c0ffff020000040000002d01040004000000f0010100070000001804a2ff000350ffb4020a00000026060f000a00ffffffff0100000000000e00000026060f001200ffffffff000008000000db026efff3028dff07000000fc020000ffffff020000040000002d01010004000000f00104000700000018048efff4026effdb020a00000026060f000a00ffffffff0100000000000a00000026060f000a00ffffffff0100000000000e00000026060f001200ffffffff0000080000005a00d5ff7e00fcff0e00000026060f001200ffffffff000008000000ae0131ff3f02ceff07000000fc02000080ffff020000040000002d01040004000000f0010100070000001804cfff400231ffae010a00000026060f000a00ffffffff0100000000000e00000026060f001200ffffffff000008000000ba013dff2602afff07000000fc02000000e0e0020000040000002d01010004000000f0010400070000001804b0ff27023dffba010a00000026060f000a00ffffffff0100000000000e00000026060f001200ffffffff000008000000c3013dff3402c4ff07000000fc02000080ffff020000040000002d01040004000000f0010100070000001804c5ff35023dffc3010a00000026060f000a00ffffffff0100000000000e00000026060f001200ffffffff000008000000e40148ff2f0299ff07000000fc020000c0ffff020000040000002d01010004000000f00104000700000018049aff300248ffe4010a00000026060f000a00ffffffff0100000000000e00000026060f001200ffffffff0000080000000b025cff23027bff07000000fc020000ffffff020000040000002d01040004000000f00101000700000018047cff24025cff0b020a00000026060f000a00ffffffff0100000000000a00000026060f000a00ffffffff0100000000000e00000026060f001200ffffffff0000080000003b00e8ff580005000e00000026060f001200ffffffff0000080000001d018dff8901f9ff07000000fc02000080ffff020000040000002d01010004000000f0010400070000001804faff8a018dff1d010a00000026060f000a00ffffffff0100000000000e00000026060f001200ffffffff000008000000270195ff7701e4ff07000000fc02000000e0e0020000040000002d01040004000000f0010100070000001804e5ff780195ff27010a00000026060f000a00ffffffff0100000000000e00000026060f001200ffffffff0000080000002d0195ff8201f2ff07000000fc02000080ffff020000040000002d01010004000000f0010400070000001804f3ff830195ff2d010a00000026060f000a00ffffffff0100000000000e00000026060f001200ffffffff00000800000047019bff7e01d5ff07000000fc020000c0ffff020000040000002d01040004000000f0010100070000001804d6ff7f019bff47010a00000026060f000a00ffffffff0100000000000e00000026060f001200ffffffff0000080000006201aaff7401c0ff07000000fc020000ffffff020000040000002d01010004000000f0010400070000001804c1ff7501aaff62010a00000026060f000a00ffffffff0100000000000a00000026060f000a00ffffffff0100000000000e00000026060f001200ffffffff0000080000004f00f3ff700013000e00000026060f001200ffffffff0000080000007d01c2fffa013e0007000000fc02000080ffff020000040000002d01040004000000f00101000700000018043f00fb01c2ff7d010a00000026060f000a00ffffffff0100000000000e00000026060f001200ffffffff0000080000009201cbffef01260007000000fc02000000e0e0020000040000002d01010004000000f00104000700000018042700f001cbff92010a00000026060f000a00ffffffff0100000000000e00000026060f001200ffffffff0000080000008501ccffe801370007000000fc02000080ffff020000040000002d01040004000000f00101000700000018043800e901ccff85010a00000026060f000a00ffffffff0100000000000e00000026060f001200ffffffff0000080000008a01d4ffca01150007000000fc020000c0ffff020000040000002d01010004000000f00104000700000018041600cb01d4ff8a010a00000026060f000a00ffffffff0100000000000e00000026060f001200ffffffff0000080000009501e3ffa901fdff07000000fc020000ffffff020000040000002d01040004000000f0010100070000001804feffaa01e3ff95010a00000026060f000a00ffffffff0100000000000a00000026060f000a00ffffffff0100000000000e00000026060f001200ffffffff0000080000007a00e7ff920000000e00000026060f001200ffffffff000008000000480287ffa002e4ff07000000fc02000080ffff020000040000002d01010004000000f0010400070000001804e5ffa10287ff48020a00000026060f000a00ffffffff0100000000000e00000026060f001200ffffffff00000800000050028eff9102d2ff07000000fc02000000e0e0020000040000002d01040004000000f0010100070000001804d3ff92028eff50020a00000026060f000a00ffffffff0100000000000e00000026060f001200ffffffff00000800000055028eff9902deff07000000fc02000080ffff020000040000002d01010004000000f0010400070000001804dfff9a028eff55020a00000026060f000a00ffffffff0100000000000e00000026060f001200ffffffff000008000000690295ff9602c5ff07000000fc020000c0ffff020000040000002d01040004000000f0010100070000001804c6ff970295ff69020a00000026060f000a00ffffffff0100000000000e00000026060f001200ffffffff0000080000007f029fff8e02b3ff07000000fc020000ffffff020000040000002d01010004000000f0010400070000001804b4ff8f029fff7f020a00000026060f000a00ffffffff0100000000000a00000026060f000a00ffffffff0100000000000e00000026060f001200ffffffff0000080000006800b9ff8c00e0ff0e00000026060f001200ffffffff000008000000f101abfe830248ff07000000fc02000080ffff020000040000002d01040004000000f001010007000000180449ff8402abfef1010a00000026060f000a00ffffffff0100000000000e00000026060f001200ffffffff0000080000000902b7fe750229ff07000000fc02000000e0e0020000040000002d01010004000000f00104000700000018042aff7602b7fe09020a00000026060f000a00ffffffff0100000000000e00000026060f001200ffffffff000008000000fb01b7fe6c023eff07000000fc02000080ffff020000040000002d01040004000000f00101000700000018043fff6d02b7fefb010a00000026060f000a00ffffffff0100000000000e00000026060f001200ffffffff0000080000000102c2fe4b0213ff07000000fc020000c0ffff020000040000002d01010004000000f001040007000000180414ff4c02c2fe01020a00000026060f000a00ffffffff0100000000000e00000026060f001200ffffffff0000080000000c02d6fe2402f5fe07000000fc020000ffffff020000040000002d01040004000000f0010100070000001804f6fe2502d6fe0c020a00000026060f000a00ffffffff0100000000000a00000026060f000a00ffffffff0100000000000e00000026060f001200ffffffff000008000000750095ff9a00bcff0e00000026060f001200ffffffff0000080000003202fffdc3029bfe07000000fc02000080ffff020000040000002d01010004000000f00104000700000018049cfec402fffd32020a00000026060f000a00ffffffff0100000000000e00000026060f001200ffffffff00000800000040021ffeaa0290fe07000000fc02000000e0e0020000040000002d01040004000000f001010007000000180491feab021ffe40020a00000026060f000a00ffffffff0100000000000e00000026060f001200ffffffff000008000000480208feba028ffe07000000fc02000080ffff020000040000002d01010004000000f001040007000000180490febb0208fe48020a00000026060f000a00ffffffff0100000000000e00000026060f001200ffffffff0000080000006a0234feb40286fe07000000fc020000c0ffff020000040000002d01040004000000f001010007000000180487feb50234fe6a020a00000026060f000a00ffffffff0100000000000e00000026060f001200ffffffff000008000000900252fea80272fe07000000fc020000ffffff020000040000002d01010004000000f001040007000000180473fea90252fe90020a00000026060f000a00ffffffff0100000000000a00000026060f000a00ffffffff0100000000000e00000026060f001200ffffffff0000080000004d009bff7200c2ff0e00000026060f001200ffffffff00000800000072011bfe0302b7fe07000000fc02000080ffff020000040000002d01040004000000f0010100070000001804b8fe04021bfe72010a00000026060f000a00ffffffff0100000000000e00000026060f001200ffffffff000008000000800127feec0198fe07000000fc02000000e0e0020000040000002d01010004000000f001040007000000180499feed0127fe80010a00000026060f000a00ffffffff0100000000000e00000026060f001200ffffffff000008000000870127fefa01adfe07000000fc02000080ffff020000040000002d01040004000000f0010100070000001804aefefb0127fe87010a00000026060f000a00ffffffff0100000000000e00000026060f001200ffffffff000008000000aa0131fef30183fe07000000fc020000c0ffff020000040000002d01010004000000f001040007000000180484fef40131feaa010a00000026060f000a00ffffffff0100000000000e00000026060f001200ffffffff000008000000d00144fee90164fe07000000fc020000ffffff020000040000002d01040004000000f001010007000000180465feea0144fed0010a00000026060f000a00ffffffff0100000000000a00000026060f000a00ffffffff0100000000000e00000026060f001200ffffffff0000080000002c00adff4900c9ff0e00000026060f001200ffffffff000008000000d30070fe3e01dcfe07000000fc02000080ffff020000040000002d01010004000000f0010400070000001804ddfe3f0170fed3000a00000026060f000a00ffffffff0100000000000e00000026060f001200ffffffff000008000000db0078fe2b01c7fe07000000fc02000000e0e0020000040000002d01040004000000f0010100070000001804c8fe2c0178fedb000a00000026060f000a00ffffffff0100000000000e00000026060f001200ffffffff000008000000e20079fe3601d5fe07000000fc02000080ffff020000040000002d01010004000000f0010400070000001804d6fe370179fee2000a00000026060f000a00ffffffff0100000000000e00000026060f001200ffffffff000008000000fb0080fe3201b8fe07000000fc020000c0ffff020000040000002d01040004000000f0010100070000001804b9fe330180fefb000a00000026060f000a00ffffffff0100000000000e00000026060f001200ffffffff00000800000017018dfe2a01a4fe07000000fc020000ffffff020000040000002d01010004000000f0010400070000001804a5fe2b018dfe17010a00000026060f000a00ffffffff0100000000000a00000026060f000a00ffffffff0100000000000e00000026060f001200ffffffff0000080000004000b8ff6000d8ff0e00000026060f001200ffffffff0000080000003101a6feaf0122ff07000000fc02000080ffff020000040000002d01040004000000f001010007000000180423ffb001a6fe31010a00000026060f000a00ffffffff0100000000000e00000026060f001200ffffffff0000080000004701affea40109ff07000000fc02000000e0e0020000040000002d01010004000000f00104000700000018040affa501affe47010a00000026060f000a00ffffffff0100000000000e00000026060f001200ffffffff0000080000003901affe9d011aff07000000fc02000080ffff020000040000002d01040004000000f00101000700000018041bff9e01affe39010a00000026060f000a00ffffffff0100000000000e00000026060f001200ffffffff0000080000003f01b7fe7f01f9fe07000000fc020000c0ffff020000040000002d01010004000000f0010400070000001804fafe8001b7fe3f010a00000026060f000a00ffffffff0100000000000e00000026060f001200ffffffff0000080000004901c7fe5f01e0fe07000000fc020000ffffff020000040000002d01040004000000f0010100070000001804e1fe6001c7fe49010a00000026060f000a00ffffffff0100000000000a00000026060f000a00ffffffff0100000000000e00000026060f001200ffffffff0000080000006a00abff8300c5ff0e00000026060f001200ffffffff000008000000fd016afe5402c7fe07000000fc02000080ffff020000040000002d01010004000000f0010400070000001804c8fe55026afefd010a00000026060f000a00ffffffff0100000000000e00000026060f001200ffffffff000008000000040271fe4602b5fe07000000fc02000000e0e0020000040000002d01040004000000f0010100070000001804b6fe470271fe04020a00000026060f000a00ffffffff0100000000000e00000026060f001200ffffffff000008000000090272fe4f02c1fe07000000fc02000080ffff020000040000002d01010004000000f0010400070000001804c2fe500272fe09020a00000026060f000a00ffffffff0100000000000e00000026060f001200ffffffff0000080000001d0278fe4b02a9fe07000000fc020000c0ffff020000040000002d01040004000000f0010100070000001804aafe4c0278fe1d020a00000026060f000a00ffffffff0100000000000e00000026060f001200ffffffff000008000000350284fe440297fe07000000fc020000ffffff020000040000002d01010004000000f001040007000000180498fe450284fe35020a00000026060f000a00ffffffff0100000000000a00000026060f000a00ffffffff0100000000000e00000026060f001200ffffffff000008000000c800ddffe700fdff0e00000026060f001200ffffffff000008000000c1035aff3504d4ff07000000fc02000080ffff020000040000002d01040004000000f0010100070000001804d5ff36045affc1030a00000026060f000a00ffffffff0100000000000e00000026060f001200ffffffff000008000000d50364ff2b04bbff07000000fc02000000e0e0020000040000002d01010004000000f0010400070000001804bcff2c0464ffd5030a00000026060f000a00ffffffff0100000000000e00000026060f001200ffffffff000008000000c90364ff2404ccff07000000fc02000080ffff020000040000002d01040004000000f0010100070000001804cdff250464ffc9030a00000026060f000a00ffffffff0100000000000e00000026060f001200ffffffff000008000000cd036cff0904abff07000000fc020000c0ffff020000040000002d01010004000000f0010400070000001804acff0a046cffcd030a00000026060f000a00ffffffff0100000000000e00000026060f001200ffffffff000008000000d6037affeb0393ff07000000fc020000ffffff020000040000002d01040004000000f001010007000000180494ffec037affd6030a00000026060f000a00ffffffff0100000000000a00000026060f000a00ffffffff0100000000000e00000026060f001200ffffffff000008000000ae00bcffce00dfff0e00000026060f001200ffffffff0000080000004303bbfebe0342ff07000000fc02000080ffff020000040000002d01010004000000f001040007000000180443ffbf03bbfe43030a00000026060f000a00ffffffff0100000000000e00000026060f001200ffffffff0000080000004d03c5fea90327ff07000000fc02000000e0e0020000040000002d01040004000000f001010007000000180428ffaa03c5fe4d030a00000026060f000a00ffffffff0100000000000e00000026060f001200ffffffff0000080000005503c6feb5033aff07000000fc02000080ffff020000040000002d01010004000000f00104000700000018043bffb603c6fe55030a00000026060f000a00ffffffff0100000000000e00000026060f001200ffffffff0000080000007203cefeaf0315ff07000000fc020000c0ffff020000040000002d01040004000000f001010007000000180416ffb003cefe72030a00000026060f000a00ffffffff0100000000000e00000026060f001200ffffffff0000080000009103dffea603fafe07000000fc020000ffffff020000040000002d01010004000000f0010400070000001804fbfea703dffe91030a00000026060f000a00ffffffff0100000000000a00000026060f000a00ffffffff0100000000000e00000026060f001200ffffffff0000080000008f00c2ffab00dfff0e00000026060f001200ffffffff000008000000ae02d6fe180342ff07000000fc02000080ffff020000040000002d01040004000000f001010007000000180443ff1903d6feae020a00000026060f000a00ffffffff0100000000000e00000026060f001200ffffffff000008000000b702defe07032dff07000000fc02000000e0e0020000040000002d01010004000000f00104000700000018042eff0803defeb7020a00000026060f000a00ffffffff0100000000000e00000026060f001200ffffffff000008000000bc02defe12033bff07000000fc02000080ffff020000040000002d01040004000000f00101000700000018043cff1303defebc020a00000026060f000a00ffffffff0100000000000e00000026060f001200ffffffff000008000000d502e6fe0c031eff07000000fc020000c0ffff020000040000002d01010004000000f00104000700000018041fff0d03e6fed5020a00000026060f000a00ffffffff0100000000000e00000026060f001200ffffffff000008000000f102f3fe040309ff07000000fc020000ffffff020000040000002d01040004000000f00101000700000018040aff0503f3fef1020a00000026060f000a00ffffffff0100000000000a00000026060f000a00ffffffff0100000000000e00000026060f001200ffffffff000008000000a000d5ffc100f5ff0e00000026060f001200ffffffff000008000000020331ff7e03adff07000000fc02000080ffff020000040000002d01010004000000f0010400070000001804aeff7f0331ff02030a00000026060f000a00ffffffff0100000000000e00000026060f001200ffffffff00000800000018033bff740394ff07000000fc02000000e0e0020000040000002d01040004000000f001010007000000180495ff75033bff18030a00000026060f000a00ffffffff0100000000000e00000026060f001200ffffffff0000080000000a033bff6d03a5ff07000000fc02000080ffff020000040000002d01010004000000f0010400070000001804a6ff6e033bff0a030a00000026060f000a00ffffffff0100000000000e00000026060f001200ffffffff000008000000100342ff500384ff07000000fc020000c0ffff020000040000002d01040004000000f001010007000000180485ff510342ff10030a00000026060f000a00ffffffff0100000000000e00000026060f001200ffffffff000008000000190352ff2f036bff07000000fc020000ffffff020000040000002d01010004000000f00104000700000018046cff300352ff19030a00000026060f000a00ffffffff0100000000000a00000026060f000a00ffffffff0100000000000e00000026060f001200ffffffff0000080000000a01d3ff2201ecff0e00000026060f001200ffffffff000008000000fb0427ff520583ff07000000fc02000080ffff020000040000002d01040004000000f001010007000000180484ff530527fffb040a00000026060f000a00ffffffff0100000000000e00000026060f001200ffffffff00000800000003052cff430570ff07000000fc02000000e0e0020000040000002d01010004000000f001040007000000180471ff44052cff03050a00000026060f000a00ffffffff0100000000000e00000026060f001200ffffffff00000800000008052dff4d057eff07000000fc02000080ffff020000040000002d01040004000000f00101000700000018047fff4e052dff08050a00000026060f000a00ffffffff0100000000000e00000026060f001200ffffffff0000080000001b0533ff490564ff07000000fc020000c0ffff020000040000002d01010004000000f001040007000000180465ff4a0533ff1b050a00000026060f000a00ffffffff0100000000000e00000026060f001200ffffffff00000800000033053fff420552ff07000000fc020000ffffff020000040000002d01040004000000f001010007000000180453ff43053fff33050a00000026060f000a00ffffffff0100000000000a00000026060f000a00ffffffff0100000000000e00000026060f001200ffffffff0000080000003900c9ff5e00f0ff0e00000026060f001200ffffffff0000080000001201f7fea30193ff07000000fc02000080ffff020000040000002d01010004000000f001040007000000180494ffa401f7fe12010a00000026060f000a00ffffffff0100000000000e00000026060f001200ffffffff000008000000290102ff950174ff07000000fc02000000e0e0020000040000002d01040004000000f001010007000000180475ff960102ff29010a00000026060f000a00ffffffff0100000000000e00000026060f001200ffffffff0000080000001b0103ff8c0189ff07000000fc02000080ffff020000040000002d01010004000000f00104000700000018048aff8d0103ff1b010a00000026060f000a00ffffffff0100000000000e00000026060f001200ffffffff00000800000021010cff6b015eff07000000fc020000c0ffff020000040000002d01040004000000f00101000700000018045fff6c010cff21010a00000026060f000a00ffffffff0100000000000e00000026060f001200ffffffff0000080000002c0120ff45013fff07000000fc020000ffffff020000040000002d01010004000000f001040007000000180440ff460120ff2c010a00000026060f000a00ffffffff0100000000000a00000026060f000a00ffffffff0100000000000e00000026060f001200ffffffff0000080000003f008aff6300b1ff0e00000026060f001200ffffffff0000080000002d01cafdbe0166fe07000000fc02000080ffff020000040000002d01040004000000f001010007000000180467febf01cafd2d010a00000026060f000a00ffffffff0100000000000e00000026060f001200ffffffff0000080000003901e8fda5015afe07000000fc02000000e0e0020000040000002d01010004000000f00104000700000018045bfea601e8fd39010a00000026060f000a00ffffffff0100000000000e00000026060f001200ffffffff0000080000004301d3fdb5015afe07000000fc02000080ffff020000040000002d01040004000000f00101000700000018045bfeb601d3fd43010a00000026060f000a00ffffffff0100000000000e00000026060f001200ffffffff0000080000006501fefdaf014ffe07000000fc020000c0ffff020000040000002d01010004000000f001040007000000180450feb001fefd65010a00000026060f000a00ffffffff0100000000000e00000026060f001200ffffffff0000080000008a011cfea3013bfe07000000fc020000ffffff020000040000002d01040004000000f00101000700000018043cfea4011cfe8a010a00000026060f000a00ffffffff0100000000000a00000026060f000a00ffffffff0100000000000e00000026060f001200ffffffff0000080000001500a3ff3900caff0e00000026060f001200ffffffff000008000000630040fef400ddfe07000000fc02000080ffff020000040000002d01010004000000f0010400070000001804defef50040fe63000a00000026060f000a00ffffffff0100000000000e00000026060f001200ffffffff0000080000006f004cfedb00bdfe07000000fc02000000e0e0020000040000002d01040004000000f0010100070000001804befedc004cfe6f000a00000026060f000a00ffffffff0100000000000e00000026060f001200ffffffff00000800000078004dfeea00d2fe07000000fc02000080ffff020000040000002d01010004000000f0010400070000001804d3feeb004dfe78000a00000026060f000a00ffffffff0100000000000e00000026060f001200ffffffff0000080000009a0056fee400a8fe07000000fc020000c0ffff020000040000002d01040004000000f0010100070000001804a9fee50056fe9a000a00000026060f000a00ffffffff0100000000000e00000026060f001200ffffffff000008000000bf006afed8008afe07000000fc020000ffffff020000040000002d01010004000000f00104000700000018048bfed9006afebf000a00000026060f000a00ffffffff0100000000000a00000026060f000a00ffffffff0100000000000e00000026060f001200ffffffff000008000000fcffb6ff1900d2ff0e00000026060f001200ffffffff000008000000eeff9bfe590006ff07000000fc02000080ffff020000040000002d01040004000000f001010007000000180407ff5a009bfeeeff0a00000026060f000a00ffffffff0100000000000e00000026060f001200ffffffff000008000000f6ffa2fe4600f1fe07000000fc02000000e0e0020000040000002d01010004000000f0010400070000001804f2fe4700a2fef6ff0a00000026060f000a00ffffffff0100000000000e00000026060f001200ffffffff000008000000fdffa3fe510001ff07000000fc02000080ffff020000040000002d01040004000000f001010007000000180402ff5200a3fefdff0a00000026060f000a00ffffffff0100000000000e00000026060f001200ffffffff0000080000001600aafe4d00e2fe07000000fc020000c0ffff020000040000002d01010004000000f0010400070000001804e3fe4e00aafe16000a00000026060f000a00ffffffff0100000000000e00000026060f001200ffffffff0000080000003200b7fe4500cefe07000000fc020000ffffff020000040000002d01040004000000f0010100070000001804cffe4600b7fe32000a00000026060f000a00ffffffff0100000000000a00000026060f000a00ffffffff0100000000000e00000026060f001200ffffffff0000080000006700f1ff880012000e00000026060f001200ffffffff000008000000ef01baff6c02360007000000fc02000080ffff020000040000002d01010004000000f001040007000000180437006d02baffef010a00000026060f000a00ffffffff0100000000000e00000026060f001200ffffffff0000080000000502c3ff61021e0007000000fc02000000e0e0020000040000002d01040004000000f00101000700000018041f006202c3ff05020a00000026060f000a00ffffffff0100000000000e00000026060f001200ffffffff000008000000f701c4ff5b022f0007000000fc02000080ffff020000040000002d01010004000000f001040007000000180430005c02c4fff7010a00000026060f000a00ffffffff0100000000000e00000026060f001200ffffffff000008000000fd01cbff3c020d0007000000fc020000c0ffff020000040000002d01040004000000f00101000700000018040e003d02cbfffd010a00000026060f000a00ffffffff0100000000000e00000026060f001200ffffffff0000080000000702dbff1d02f5ff07000000fc020000ffffff020000040000002d01010004000000f0010400070000001804f6ff1e02dbff07020a00000026060f000a00ffffffff0100000000000a00000026060f000a00ffffffff0100000000000e00000026060f001200ffffffff0000080000000f0076ff270090ff0e00000026060f001200ffffffff00000800000047006afd9c00c7fd07000000fc02000080ffff020000040000002d01040004000000f0010100070000001804c8fd9d006afd47000a00000026060f000a00ffffffff0100000000000e00000026060f001200ffffffff0000080000004d0070fd8f00b4fd07000000fc02000000e0e0020000040000002d01010004000000f0010400070000001804b5fd900070fd4d000a00000026060f000a00ffffffff0100000000000e00000026060f001200ffffffff000008000000530071fd9700c1fd07000000fc02000080ffff020000040000002d01040004000000f0010100070000001804c2fd980071fd53000a00000026060f000a00ffffffff0100000000000e00000026060f001200ffffffff000008000000670076fd9400a8fd07000000fc020000c0ffff020000040000002d01010004000000f0010400070000001804a9fd950076fd67000a00000026060f000a00ffffffff0100000000000e00000026060f001200ffffffff0000080000007d0082fd8c0095fd07000000fc020000ffffff020000040000002d01040004000000f001010007000000180496fd8d0082fd7d000a00000026060f000a00ffffffff0100000000000a00000026060f000a00ffffffff0100000000000e00000026060f001200ffffffff000008000000cc000700e50022000e00000026060f001200ffffffff000008000000d10323002d04830007000000fc02000080ffff020000040000002d01010004000000f001040007000000180484002e042300d1030a00000026060f000a00ffffffff0100000000000e00000026060f001200ffffffff000008000000e00329002404700007000000fc02000000e0e0020000040000002d01040004000000f0010100070000001804710025042900e0030a00000026060f000a00ffffffff0100000000000e00000026060f001200ffffffff000008000000d6032b001f047d0007000000fc02000080ffff020000040000002d01010004000000f00104000700000018047e0020042b00d6030a00000026060f000a00ffffffff0100000000000e00000026060f001200ffffffff000008000000da0330000904630007000000fc020000c0ffff020000040000002d01040004000000f001010007000000180464000a043000da030a00000026060f000a00ffffffff0100000000000e00000026060f001200ffffffff000008000000e2033c00f203500007000000fc020000ffffff020000040000002d01010004000000f00104000700000018045100f3033c00e2030a00000026060f000a00ffffffff0100000000000a00000026060f000a00ffffffff0100000000000e00000026060f001200ffffffff000008000000d900e3fff60000000e00000026060f001200ffffffff000008000000120476ff7d04e4ff07000000fc02000080ffff020000040000002d01040004000000f0010100070000001804e5ff7e0476ff12040a00000026060f000a00ffffffff0100000000000e00000026060f001200ffffffff0000080000001b048bff6a04dcff07000000fc02000000e0e0020000040000002d01010004000000f0010400070000001804ddff6b048bff1b040a00000026060f000a00ffffffff0100000000000e00000026060f001200ffffffff00000800000022047dff7604dcff07000000fc02000080ffff020000040000002d01040004000000f0010100070000001804ddff77047dff22040a00000026060f000a00ffffffff0100000000000e00000026060f001200ffffffff0000080000003b049bff7104d4ff07000000fc020000c0ffff020000040000002d01010004000000f0010400070000001804d5ff72049bff3b040a00000026060f000a00ffffffff0100000000000e00000026060f001200ffffffff0000080000005704b1ff6904c6ff07000000fc020000ffffff020000040000002d01040004000000f0010100070000001804c7ff6a04b1ff57040a00000026060f000a00ffffffff0100000000000a00000026060f000a00ffffffff0100000000000e00000026060f001200ffffffff000008000000b100e9ffcc0005000e00000026060f001200ffffffff000008000000530392ffb603fbff07000000fc02000080ffff020000040000002d01010004000000f0010400070000001804fcffb70392ff53030a00000026060f000a00ffffffff0100000000000e00000026060f001200ffffffff0000080000005b039affa503e6ff07000000fc02000000e0e0020000040000002d01040004000000f0010100070000001804e7ffa6039aff5b030a00000026060f000a00ffffffff0100000000000e00000026060f001200ffffffff00000800000060039affaf03f5ff07000000fc02000080ffff020000040000002d01010004000000f0010400070000001804f6ffb0039aff60030a00000026060f000a00ffffffff0100000000000e00000026060f001200ffffffff0000080000007803a1ffaa03d8ff07000000fc020000c0ffff020000040000002d01040004000000f0010100070000001804d9ffab03a1ff78030a00000026060f000a00ffffffff0100000000000e00000026060f001200ffffffff0000080000009103aeffa203c4ff07000000fc020000ffffff020000040000002d01010004000000f0010400070000001804c5ffa303aeff91030a00000026060f000a00ffffffff0100000000000a00000026060f000a00ffffffff0100000000000e00000026060f001200ffffffff0000080000007600120092002f000e00000026060f001200ffffffff000008000000340256009e02c20007000000fc02000080ffff020000040000002d01040004000000f0010100070000001804c3009f02560034020a00000026060f000a00ffffffff0100000000000e00000026060f001200ffffffff0000080000003d025e008d02ad0007000000fc02000000e0e0020000040000002d01010004000000f0010400070000001804ae008e025e003d020a00000026060f000a00ffffffff0100000000000e00000026060f001200ffffffff000008000000420260009802bc0007000000fc02000080ffff020000040000002d01040004000000f0010100070000001804bd009902600042020a00000026060f000a00ffffffff0100000000000e00000026060f001200ffffffff0000080000005b02660092029f0007000000fc020000c0ffff020000040000002d01010004000000f0010400070000001804a000930266005b020a00000026060f000a00ffffffff0100000000000e00000026060f001200ffffffff000008000000770273008b028b0007000000fc020000ffffff020000040000002d01040004000000f00101000700000018048c008c02730077020a00000026060f000a00ffffffff0100000000000a00000026060f000a00ffffffff0100000000000e00000026060f001200ffffffff000008000000a4000600c40026000e00000026060f001200ffffffff00000800000012031d008e03990007000000fc02000080ffff020000040000002d01010004000000f00104000700000018049a008f031d0012030a00000026060f000a00ffffffff0100000000000e00000026060f001200ffffffff000008000000270327008403800007000000fc02000000e0e0020000040000002d01040004000000f001010007000000180481008503270027030a00000026060f000a00ffffffff0100000000000e00000026060f001200ffffffff0000080000001a0327007d03910007000000fc02000080ffff020000040000002d01010004000000f001040007000000180492007e0327001a030a00000026060f000a00ffffffff0100000000000e00000026060f001200ffffffff00000800000020032f006003700007000000fc020000c0ffff020000040000002d01040004000000f0010100070000001804710061032f0020030a00000026060f000a00ffffffff0100000000000e00000026060f001200ffffffff00000800000029033e003f03570007000000fc020000ffffff020000040000002d01010004000000f0010400070000001804580040033e0029030a00000026060f000a00ffffffff0100000000000a00000026060f000a00ffffffff0100000000000e00000026060f001200ffffffff000008000000f4002d000d0147000e00000026060f001200ffffffff0000080000009404d800eb04340107000000fc02000080ffff020000040000002d01040004000000f00101000700000018043501ec04d80094040a00000026060f000a00ffffffff0100000000000e00000026060f001200ffffffff0000080000009c04df00dc04230107000000fc02000000e0e0020000040000002d01010004000000f00104000700000018042401dd04df009c040a00000026060f000a00ffffffff0100000000000e00000026060f001200ffffffff000008000000a104e000e5042f0107000000fc02000080ffff020000040000002d01040004000000f00101000700000018043001e604e000a1040a00000026060f000a00ffffffff0100000000000e00000026060f001200ffffffff000008000000b404e600e104170107000000fc020000c0ffff020000040000002d01010004000000f00104000700000018041801e204e600b4040a00000026060f000a00ffffffff0100000000000e00000026060f001200ffffffff000008000000cb04f100db04050107000000fc020000ffffff020000040000002d01040004000000f00101000700000018040601dc04f100cb040a00000026060f000a00ffffffff0100000000000a00000026060f000a00ffffffff0100000000000e00000026060f001200ffffffff0000080000008900a0ffa800c1ff0e00000026060f001200ffffffff000008000000930234fe0603b5fe07000000fc02000080ffff020000040000002d01010004000000f0010400070000001804b6fe070334fe93020a00000026060f000a00ffffffff0100000000000e00000026060f001200ffffffff000008000000a6023dfefc029cfe07000000fc02000000e0e0020000040000002d01040004000000f00101000700000018049dfefd023dfea6020a00000026060f000a00ffffffff0100000000000e00000026060f001200ffffffff0000080000009b023ffef402adfe07000000fc02000080ffff020000040000002d01010004000000f0010400070000001804aefef5023ffe9b020a00000026060f000a00ffffffff0100000000000e00000026060f001200ffffffff000008000000a00247feda028afe07000000fc020000c0ffff020000040000002d01040004000000f00101000700000018048bfedb0247fea0020a00000026060f000a00ffffffff0100000000000e00000026060f001200ffffffff000008000000a80256febc0270fe07000000fc020000ffffff020000040000002d01010004000000f001040007000000180471febd0256fea8020a00000026060f000a00ffffffff0100000000000a00000026060f000a00ffffffff0100000000000e00000026060f001200ffffffff00000800000097007dffb1009eff0e00000026060f001200ffffffff000008000000d5028dfd350309fe07000000fc02000080ffff020000040000002d01040004000000f00101000700000018040afe36038dfdd5020a00000026060f000a00ffffffff0100000000000e00000026060f001200ffffffff000008000000dc02a6fd260300fe07000000fc02000000e0e0020000040000002d01010004000000f001040007000000180401fe2703a6fddc020a00000026060f000a00ffffffff0100000000000e00000026060f001200ffffffff000008000000e30295fd2f0300fe07000000fc02000080ffff020000040000002d01040004000000f001010007000000180401fe300395fde3020a00000026060f000a00ffffffff0100000000000e00000026060f001200ffffffff000008000000f902b6fd2b03f8fd07000000fc020000c0ffff020000040000002d01010004000000f0010400070000001804f9fd2c03b6fdf9020a00000026060f000a00ffffffff0100000000000e00000026060f001200ffffffff0000080000001203cffd2303e8fd07000000fc020000ffffff020000040000002d01040004000000f0010100070000001804e9fd2403cffd12030a00000026060f000a00ffffffff0100000000000a00000026060f000a00ffffffff0100000000000e00000026060f001200ffffffff0000080000008c008dffa400a7ff0e00000026060f001200ffffffff0000080000009f02dafdf70236fe07000000fc02000080ffff020000040000002d01010004000000f001040007000000180437fef802dafd9f020a00000026060f000a00ffffffff0100000000000e00000026060f001200ffffffff000008000000a702e0fde90225fe07000000fc02000000e0e0020000040000002d01040004000000f001010007000000180426feea02e0fda7020a00000026060f000a00ffffffff0100000000000e00000026060f001200ffffffff000008000000ac02e0fdf10231fe07000000fc02000080ffff020000040000002d01010004000000f001040007000000180432fef202e0fdac020a00000026060f000a00ffffffff0100000000000e00000026060f001200ffffffff000008000000c002e7fdee0217fe07000000fc020000c0ffff020000040000002d01040004000000f001010007000000180418feef02e7fdc0020a00000026060f000a00ffffffff0100000000000e00000026060f001200ffffffff000008000000d702f2fde60205fe07000000fc020000ffffff020000040000002d01010004000000f001040007000000180406fee702f2fdd7020a00000026060f000a00ffffffff0100000000000a00000026060f000a00ffffffff0100000000000e00000026060f001200ffffffff0000080000007a0060ff9e0087ff0e00000026060f001200ffffffff0000080000004902fefcda029bfd07000000fc02000080ffff020000040000002d01040004000000f00101000700000018049cfddb02fefc49020a00000026060f000a00ffffffff0100000000000e00000026060f001200ffffffff00000800000061020afdcd027bfd07000000fc02000000e0e0020000040000002d01010004000000f00104000700000018047cfdce020afd61020a00000026060f000a00ffffffff0100000000000e00000026060f001200ffffffff00000800000052020afdc30290fd07000000fc02000080ffff020000040000002d01040004000000f001010007000000180491fdc4020afd52020a00000026060f000a00ffffffff0100000000000e00000026060f001200ffffffff000008000000590214fda20266fd07000000fc020000c0ffff020000040000002d01010004000000f001040007000000180467fda30214fd59020a00000026060f000a00ffffffff0100000000000e00000026060f001200ffffffff000008000000630228fd7c0247fd07000000fc020000ffffff020000040000002d01040004000000f001010007000000180448fd7d0228fd63020a00000026060f000a00ffffffff0100000000000a00000026060f000a00ffffffff0100000000000e00000026060f001200ffffffff0000080000007c0052ff95006cff0e00000026060f001200ffffffff0000080000005502bdfcac0219fd07000000fc02000080ffff020000040000002d01010004000000f00104000700000018041afdad02bdfc55020a00000026060f000a00ffffffff0100000000000e00000026060f001200ffffffff0000080000005b02c3fc9d0208fd07000000fc02000000e0e0020000040000002d01040004000000f001010007000000180409fd9e02c3fc5b020a00000026060f000a00ffffffff0100000000000e00000026060f001200ffffffff0000080000006102c5fca60214fd07000000fc02000080ffff020000040000002d01010004000000f001040007000000180415fda702c5fc61020a00000026060f000a00ffffffff0100000000000e00000026060f001200ffffffff0000080000007502cafca202fcfc07000000fc020000c0ffff020000040000002d01040004000000f0010100070000001804fdfca302cafc75020a00000026060f000a00ffffffff0100000000000e00000026060f001200ffffffff0000080000008c02d6fc9c02e9fc07000000fc020000ffffff020000040000002d01010004000000f0010400070000001804eafc9d02d6fc8c020a00000026060f000a00ffffffff0100000000000a00000026060f000a00ffffffff0100000000000e00000026060f001200ffffffff000008000000c00066ffde0085ff0e00000026060f001200ffffffff0000080000009b031dfd0c0493fd07000000fc02000080ffff020000040000002d01040004000000f001010007000000180494fd0d041dfd9b030a00000026060f000a00ffffffff0100000000000e00000026060f001200ffffffff000008000000a40325fdf9037cfd07000000fc02000000e0e0020000040000002d01010004000000f00104000700000018047dfdfa0325fda4030a00000026060f000a00ffffffff0100000000000e00000026060f001200ffffffff000008000000ab0325fd04048cfd07000000fc02000080ffff020000040000002d01040004000000f00101000700000018048dfd050425fdab030a00000026060f000a00ffffffff0100000000000e00000026060f001200ffffffff000008000000c5032dfdff036cfd07000000fc020000c0ffff020000040000002d01010004000000f00104000700000018046dfd00042dfdc5030a00000026060f000a00ffffffff0100000000000e00000026060f001200ffffffff000008000000e4033dfdf70355fd07000000fc020000ffffff020000040000002d01040004000000f001010007000000180456fdf8033dfde4030a00000026060f000a00ffffffff0100000000000a00000026060f000a00ffffffff0100000000000e00000026060f001200ffffffff000008000000a10068ffbe0085ff0e00000026060f001200ffffffff000008000000050328fd700394fd07000000fc02000080ffff020000040000002d01010004000000f001040007000000180495fd710328fd05030a00000026060f000a00ffffffff0100000000000e00000026060f001200ffffffff0000080000000e0330fd5e037ffd07000000fc02000000e0e0020000040000002d01040004000000f001010007000000180480fd5f0330fd0e030a00000026060f000a00ffffffff0100000000000e00000026060f001200ffffffff000008000000140330fd69038efd07000000fc02000080ffff020000040000002d01010004000000f00104000700000018048ffd6a0330fd14030a00000026060f000a00ffffffff0100000000000e00000026060f001200ffffffff0000080000002d0338fd640370fd07000000fc020000c0ffff020000040000002d01040004000000f001010007000000180471fd650338fd2d030a00000026060f000a00ffffffff0100000000000e00000026060f001200ffffffff000008000000490345fd5c035bfd07000000fc020000ffffff020000040000002d01010004000000f00104000700000018045cfd5d0345fd49030a00000026060f000a00ffffffff0100000000000a00000026060f000a00ffffffff0100000000000e00000026060f001200ffffffff000008000000b3007bffd3009cff0e00000026060f001200ffffffff0000080000005a0384fdd60300fe07000000fc02000080ffff020000040000002d01040004000000f001010007000000180401fed70384fd5a030a00000026060f000a00ffffffff0100000000000e00000026060f001200ffffffff0000080000006f038dfdcb03e6fd07000000fc02000000e0e0020000040000002d01010004000000f0010400070000001804e7fdcc038dfd6f030a00000026060f000a00ffffffff0100000000000e00000026060f001200ffffffff00000800000062038dfdc403f8fd07000000fc02000080ffff020000040000002d01040004000000f0010100070000001804f9fdc5038dfd62030a00000026060f000a00ffffffff0100000000000e00000026060f001200ffffffff000008000000670395fda703d6fd07000000fc020000c0ffff020000040000002d01010004000000f0010400070000001804d7fda80395fd67030a00000026060f000a00ffffffff0100000000000e00000026060f001200ffffffff0000080000007003a5fd8603bdfd07000000fc020000ffffff020000040000002d01040004000000f0010100070000001804befd8703a5fd70030a00000026060f000a00ffffffff0100000000000a00000026060f000a00ffffffff0100000000000e00000026060f001200ffffffff000008000000dd006ffff50089ff0e00000026060f001200ffffffff000008000000250449fd7b04a5fd07000000fc02000080ffff020000040000002d01010004000000f0010400070000001804a6fd7c0449fd25040a00000026060f000a00ffffffff0100000000000e00000026060f001200ffffffff0000080000002c044ffd6d0493fd07000000fc02000000e0e0020000040000002d01040004000000f001010007000000180494fd6e044ffd2c040a00000026060f000a00ffffffff0100000000000e00000026060f001200ffffffff000008000000320450fd7604a0fd07000000fc02000080ffff020000040000002d01010004000000f0010400070000001804a1fd770450fd32040a00000026060f000a00ffffffff0100000000000e00000026060f001200ffffffff000008000000440455fd720487fd07000000fc020000c0ffff020000040000002d01040004000000f001010007000000180488fd730455fd44040a00000026060f000a00ffffffff0100000000000e00000026060f001200ffffffff0000080000005c0461fd6b0474fd07000000fc020000ffffff020000040000002d01010004000000f001040007000000180475fd6c0461fd5c040a00000026060f000a00ffffffff0100000000000a00000026060f000a00ffffffff0100000000000e00000026060f001200ffffffff000008000000f300b2ff1001d1ff0e00000026060f001200ffffffff00000800000090048afefd0400ff07000000fc02000080ffff020000040000002d01040004000000f001010007000000180401fffe048afe90040a00000026060f000a00ffffffff0100000000000e00000026060f001200ffffffff000008000000a20492fef304e9fe07000000fc02000000e0e0020000040000002d01010004000000f0010400070000001804eafef40492fea2040a00000026060f000a00ffffffff0100000000000e00000026060f001200ffffffff000008000000960492feed04f9fe07000000fc02000080ffff020000040000002d01040004000000f0010100070000001804fafeee0492fe96040a00000026060f000a00ffffffff0100000000000e00000026060f001200ffffffff0000080000009c049afed304d9fe07000000fc020000c0ffff020000040000002d01010004000000f0010400070000001804dafed4049afe9c040a00000026060f000a00ffffffff0100000000000e00000026060f001200ffffffff000008000000a404aafeb604c1fe07000000fc020000ffffff020000040000002d01040004000000f0010100070000001804c2feb704aafea4040a00000026060f000a00ffffffff0100000000000a00000026060f000a00ffffffff0100000000000e00000026060f001200ffffffff000008000000c40098ffe300b6ff0e00000026060f001200ffffffff000008000000ab030cfe24047ffe07000000fc02000080ffff020000040000002d01010004000000f001040007000000180480fe25040cfeab030a00000026060f000a00ffffffff0100000000000e00000026060f001200ffffffff000008000000b40314fe0f0468fe07000000fc02000000e0e0020000040000002d01040004000000f001010007000000180469fe100414feb4030a00000026060f000a00ffffffff0100000000000e00000026060f001200ffffffff000008000000bc0314fe1c0478fe07000000fc02000080ffff020000040000002d01010004000000f001040007000000180479fe1d0414febc030a00000026060f000a00ffffffff0100000000000e00000026060f001200ffffffff000008000000d8031cfe17045afe07000000fc020000c0ffff020000040000002d01040004000000f00101000700000018045bfe18041cfed8030a00000026060f000a00ffffffff0100000000000e00000026060f001200ffffffff000008000000f70329fe0d0443fe07000000fc020000ffffff020000040000002d01010004000000f001040007000000180444fe0e0429fef7030a00000026060f000a00ffffffff0100000000000a00000026060f000a00ffffffff0100000000000e00000026060f001200ffffffff000008000000a200a1ffbf00beff0e00000026060f001200ffffffff0000080000000a0339fe7503a5fe07000000fc02000080ffff020000040000002d01040004000000f0010100070000001804a6fe760339fe0a030a00000026060f000a00ffffffff0100000000000e00000026060f001200ffffffff000008000000140341fe640390fe07000000fc02000000e0e0020000040000002d01010004000000f001040007000000180491fe650341fe14030a00000026060f000a00ffffffff0100000000000e00000026060f001200ffffffff000008000000190343fe6e039ffe07000000fc02000080ffff020000040000002d01040004000000f0010100070000001804a0fe6f0343fe19030a00000026060f000a00ffffffff0100000000000e00000026060f001200ffffffff000008000000320349fe690382fe07000000fc020000c0ffff020000040000002d01010004000000f001040007000000180483fe6a0349fe32030a00000026060f000a00ffffffff0100000000000e00000026060f001200ffffffff0000080000004e0356fe61036efe07000000fc020000ffffff020000040000002d01040004000000f00101000700000018046ffe620356fe4e030a00000026060f000a00ffffffff0100000000000a00000026060f000a00ffffffff0100000000000e00000026060f001200ffffffff000008000000b600adffd600cdff0e00000026060f001200ffffffff0000080000006a0370fee603ecfe07000000fc02000080ffff020000040000002d01010004000000f0010400070000001804edfee70370fe6a030a00000026060f000a00ffffffff0100000000000e00000026060f001200ffffffff0000080000007f0379fedb03d2fe07000000fc02000000e0e0020000040000002d01040004000000f0010100070000001804d3fedc0379fe7f030a00000026060f000a00ffffffff0100000000000e00000026060f001200ffffffff000008000000720379fed403e4fe07000000fc02000080ffff020000040000002d01010004000000f0010400070000001804e5fed50379fe72030a00000026060f000a00ffffffff0100000000000e00000026060f001200ffffffff000008000000770381feb703c3fe07000000fc020000c0ffff020000040000002d01040004000000f0010100070000001804c4feb80381fe77030a00000026060f000a00ffffffff0100000000000e00000026060f001200ffffffff000008000000800391fe9603a9fe07000000fc020000ffffff020000040000002d01010004000000f0010400070000001804aafe970391fe80030a00000026060f000a00ffffffff0100000000000a00000026060f000a00ffffffff0100000000000e00000026060f001200ffffffff000008000000e000a0fff900baff0e00000026060f001200ffffffff000008000000340434fe8b0490fe07000000fc02000080ffff020000040000002d01040004000000f001010007000000180491fe8c0434fe34040a00000026060f000a00ffffffff0100000000000e00000026060f001200ffffffff0000080000003c043bfe7d047ffe07000000fc02000000e0e0020000040000002d01010004000000f001040007000000180480fe7e043bfe3c040a00000026060f000a00ffffffff0100000000000e00000026060f001200ffffffff00000800000042043cfe86048bfe07000000fc02000080ffff020000040000002d01040004000000f00101000700000018048cfe87043cfe42040a00000026060f000a00ffffffff0100000000000e00000026060f001200ffffffff000008000000540441fe820473fe07000000fc020000c0ffff020000040000002d01010004000000f001040007000000180474fe830441fe54040a00000026060f000a00ffffffff0100000000000e00000026060f001200ffffffff0000080000006c044dfe7b0460fe07000000fc020000ffffff020000040000002d01040004000000f001010007000000180461fe7c044dfe6c040a00000026060f000a00ffffffff0100000000000a00000026060f000a00ffffffff0100000000000a00000026060f000a00ffffffff0100000000000a00000026060f000a00ffffffff0100000000000e00000026060f001200ffffffff000008000000c6fef1ff78008a010e00000026060f001200ffffffff000008000000a0fac401fffe000607000000fc02000000a000020000040000002d01010004000000f001040009000000fa02060008000000000000022200040000002d01040004000000f00103000700000018040006fffec401a0fa050000001402000000000a00000026060f000a00ffffffff0100000000000e00000026060f001200ffffffff000008000000dbfcae0206ffba0407000000fc020000008000020000040000002d01030004000000f0010100040000002d0102001600000024030900b5fdba043efe7304aefedc0306fffc0253feae0209fe0b03bdfd4a0364fd7403dbfca1030a00000026060f000a00ffffffff0100000000000e00000026060f001200ffffffff000008000000c2fd5603d7fe3f0507000000fc020000006000020000040000002d01010004000000f00103001800000024030a00d7fe020496fea40466fef6042efe3f05d7fde204c2fd87041ffe42044efe0e047ffec603c1fe56030a00000026060f000a00ffffffff0100000000000e00000026060f001200ffffffff00000800000049fecaff0902f70207000000fc02000000a000020000040000002d01030004000000f001010009000000fa02060008000000000000022200040000002d01010004000000f00104001400000024030800c700d3ff49fe830181ffef02f00114010102d200f1017b00aa0115001c01caff0a00000026060f000a00ffffffff0100000000000e00000026060f001200ffffffff0000080000002eff5900ff01d50207000000fc020000006000020000040000002d01040004000000f0010300040000002d0102000e00000024030500f601e30053ffd5022eff3802e0015900ff01ad000a00000026060f000a00ffffffff0100000000000e00000026060f001200ffffffff000008000000b5feffffdd01380207000000fc020000008000020000040000002d01030004000000f00104000e000000240305002eff3802dd015e00be0125008c01ffffb5fed8010a00000026060f000a00ffffffff0100000000000e00000026060f001200ffffffff000008000000b000b9ff21022b0107000000fc020000006000020000040000002d01040004000000f001030009000000fa02060008000000000000022200040000002d01030004000000f00101006800000024033200cb00baffe100b9fffe00b9ff1d01bbff3c01c0ff5401caff6d01d3ff8401dfff9b01ecffb2010000c0010d00d0011d00e2013300f1014d00ff01620007027500100292001702aa001902c3001902d8001902ee00150201010f02140104021f01f8012301eb012301ec010f01ef01f500ef01de00eb01c400e801ae00e2019500dc018100d3016c00c6015400ba014200ab01300097011d0089011100760105006001f9ff4b01f0ff3101e4ff1701defffc00dbffe100d8ffc300dcffb000dfffb200cfffbb00c3ff0a00000026060f000a00ffffffff0100000000000e00000026060f001200ffffffff000008000000c8ff5e003701d201040000002d01020009000000fa02060008000000000000022200040000002d01010004000000f00103003e00000024031d00330068006c0079009e009300c300ad00e800d3000301f70016011f01250148012c016f012f0196012b01b2011f01c2011301ca010601ca0106019601fe006a01f0004001db001901c200f400a000d2007c00b6004d009d0013008900edff8200c8ff7f00cdff7100d6ff6500edff5e0005005e000a00000026060f000a00ffffffff0100000000000e00000026060f001200ffffffff00000800000098fc850193ff8b0407000000fc020000800080020000040000002d01030004000000f0010400040000002d01020009000000fa02060008000000000000022200040000002d01040004000000f0010100460000002403210094fe9d01b5fea801defec00104ffda012efffd0145ff18025cff44026bff650278ff890281ffb0028bffef025cff340345ff69032bffa60316ffe803defe8304c9fe1204b4fec7039bfe89037cfe49034efe010318feb802ddfd7d029dfd4c0258fd220204fdf50198fcc80127fdba017afdb001d0fda5010efe990149fe85016bfe8d010a00000026060f000a00ffffffff0100000000000e00000026060f001200ffffffff0000080000001cfa400242fe4707040000002d01020009000000fa02060008000000000000022200040000002d01010004000000f00104001e00000024030d0071fb40021cfa57031cfa3f07d1fb3f073afe730524fe220503fecc04cbfd66047dfdf7031dfd8a03b1fc180344fcbb02d2fb6d020a00000026060f000a00ffffffff0100000000000e00000026060f001200ffffffff000008000000abffd000bfffe5000e00000026060f001200ffffffff0000080000006afee903a1fe2f0407000000fc020000004000020000040000002d01040004000000f0010300040000002d0102000700000018043004a2fee9036afe0a00000026060f000a00ffffffff0100000000000e00000026060f001200ffffffff0000080000006efee403a8fe2a0407000000fc02000000c000020000040000002d01030004000000f00104000700000018042b04a9fee4036efe0a00000026060f000a00ffffffff0100000000000e00000026060f001200ffffffff00000800000080fee90399fe0b0407000000fc02000040ff40020000040000002d01040004000000f00103000700000018040c049afee90380fe0a00000026060f000a00ffffffff0100000000000a00000026060f000a00ffffffff0100000000000e00000026060f001200ffffffff00000800000085ffc80098ffde000e00000026060f001200ffffffff000008000000b3fdc403e9fd0a0407000000fc020000004000020000040000002d01030004000000f00104000700000018040b04eafdc403b3fd0a00000026060f000a00ffffffff0100000000000e00000026060f001200ffffffff000008000000b4fdbf03eefd050407000000fc02000000c000020000040000002d01040004000000f00103000700000018040604effdbf03b4fd0a00000026060f000a00ffffffff0100000000000e00000026060f001200ffffffff000008000000c7fdc403e1fde60307000000fc02000040ff40020000040000002d01030004000000f0010400070000001804e703e2fdc403c7fd0a00000026060f000a00ffffffff0100000000000a00000026060f000a00ffffffff0100000000000e00000026060f001200ffffffff00000800000096ffe200a6fff3000e00000026060f001200ffffffff00000800000005fe40042efe700407000000fc020000004000020000040000002d01040004000000f001030007000000180471042ffe400405fe0a00000026060f000a00ffffffff0100000000000e00000026060f001200ffffffff00000800000007fe3c0432fe6d0407000000fc02000000c000020000040000002d01030004000000f00104000700000018046e0433fe3c0407fe0a00000026060f000a00ffffffff0100000000000e00000026060f001200ffffffff00000800000014fe400428fe580407000000fc02000040ff40020000040000002d01040004000000f0010300070000001804590429fe400414fe0a00000026060f000a00ffffffff0100000000000a00000026060f000a00ffffffff0100000000000e00000026060f001200ffffffff000008000000b7ffe800c2fff7000e00000026060f001200ffffffff000008000000a2fe5d04b7fe840407000000fc020000004000020000040000002d01030004000000f00104000700000018048504b8fe5d04a2fe0a00000026060f000a00ffffffff0100000000000e00000026060f001200ffffffff000008000000a2fe5a04b9fe810407000000fc02000000c000020000040000002d01040004000000f00103000700000018048204bafe5a04a2fe0a00000026060f000a00ffffffff0100000000000e00000026060f001200ffffffff000008000000a8fe5d04b3fe710407000000fc02000040ff40020000040000002d01030004000000f00104000700000018047204b4fe5d04a8fe0a00000026060f000a00ffffffff0100000000000a00000026060f000a00ffffffff0100000000000e00000026060f001200ffffffff000008000000a9ffb900b4ffc8000e00000026060f001200ffffffff0000080000005dfe7b0373fea20307000000fc020000004000020000040000002d01040004000000f0010300070000001804a30374fe7b035dfe0a00000026060f000a00ffffffff0100000000000e00000026060f001200ffffffff0000080000005dfe7a0375fea00307000000fc02000000c000020000040000002d01030004000000f0010400070000001804a10376fe7a035dfe0a00000026060f000a00ffffffff0100000000000e00000026060f001200ffffffff00000800000065fe7b0370fe900307000000fc02000040ff40020000040000002d01040004000000f0010300070000001804910371fe7b0365fe0a00000026060f000a00ffffffff0100000000000a00000026060f000a00ffffffff0100000000000e00000026060f001200ffffffff0000080000001a004e002d0064000e00000026060f001200ffffffff0000080000007c007b01b300c00107000000fc020000004000020000040000002d01030004000000f0010400070000001804c101b4007b017c000a00000026060f000a00ffffffff0100000000000e00000026060f001200ffffffff0000080000007f007601b800bc0107000000fc02000000c000020000040000002d01040004000000f0010300070000001804bd01b90076017f000a00000026060f000a00ffffffff0100000000000e00000026060f001200ffffffff00000800000091007b01ab009d0107000000fc02000040ff40020000040000002d01030004000000f00104000700000018049e01ac007b0191000a00000026060f000a00ffffffff0100000000000a00000026060f000a00ffffffff0100000000000e00000026060f001200ffffffff000008000000e3ff6100f6ff77000e00000026060f001200ffffffff00000800000077ffd801aeff1d0207000000fc020000004000020000040000002d01040004000000f00103000700000018041e02afffd80177ff0a00000026060f000a00ffffffff0100000000000e00000026060f001200ffffffff00000800000078ffd301b3ff190207000000fc02000000c000020000040000002d01030004000000f00104000700000018041a02b4ffd30178ff0a00000026060f000a00ffffffff0100000000000e00000026060f001200ffffffff0000080000008bffd801a5fffa0107000000fc02000040ff40020000040000002d01040004000000f0010300070000001804fb01a6ffd8018bff0a00000026060f000a00ffffffff0100000000000a00000026060f000a00ffffffff0100000000000e00000026060f001200ffffffff00000800000005006000140071000e00000026060f001200ffffffff0000080000001700d2013e00020207000000fc020000004000020000040000002d01030004000000f001040007000000180403023f00d20117000a00000026060f000a00ffffffff0100000000000e00000026060f001200ffffffff0000080000001700ce014200ff0107000000fc02000000c000020000040000002d01040004000000f001030007000000180400024300ce0117000a00000026060f000a00ffffffff0100000000000e00000026060f001200ffffffff0000080000002600d2013900ea0107000000fc02000040ff40020000040000002d01030004000000f0010400070000001804eb013a00d20126000a00000026060f000a00ffffffff0100000000000a00000026060f000a00ffffffff0100000000000e00000026060f001200ffffffff000008000000eeff7800faff87000e00000026060f001200ffffffff000008000000acff4402c0ff6b0207000000fc020000004000020000040000002d01040004000000f00103000700000018046c02c1ff4402acff0a00000026060f000a00ffffffff0100000000000e00000026060f001200ffffffff000008000000acff4102c3ff680207000000fc02000000c000020000040000002d01030004000000f00104000700000018046902c4ff4102acff0a00000026060f000a00ffffffff0100000000000e00000026060f001200ffffffff000008000000b2ff4402beff570207000000fc02000040ff40020000040000002d01040004000000f00103000700000018045802bfff4402b2ff0a00000026060f000a00ffffffff0100000000000a00000026060f000a00ffffffff0100000000000e00000026060f001200ffffffff00000800000017003800220047000e00000026060f001200ffffffff0000080000006f000f018400340107000000fc020000004000020000040000002d01030004000000f0010400070000001804350185000f016f000a00000026060f000a00ffffffff0100000000000e00000026060f001200ffffffff0000080000006f000c018600330107000000fc02000000c000020000040000002d01040004000000f0010300070000001804340187000c016f000a00000026060f000a00ffffffff0100000000000e00000026060f001200ffffffff00000800000075000f018100220107000000fc02000040ff40020000040000002d01030004000000f0010400070000001804230182000f0175000a00000026060f000a00ffffffff0100000000000a00000026060f000a00ffffffff0100000000000e00000026060f001200ffffffff00000800000051001c00640032000e00000026060f001200ffffffff00000800000086018b00bd01d00007000000fc020000004000020000040000002d01040004000000f0010300070000001804d100be018b0086010a00000026060f000a00ffffffff0100000000000e00000026060f001200ffffffff00000800000089018600c201ca0007000000fc02000000c000020000040000002d01030004000000f0010400070000001804cb00c301860089010a00000026060f000a00ffffffff0100000000000e00000026060f001200ffffffff0000080000009b018b00b501ad0007000000fc02000040ff40020000040000002d01040004000000f0010300070000001804ae00b6018b009b010a00000026060f000a00ffffffff0100000000000a00000026060f000a00ffffffff0100000000000e00000026060f001200ffffffff00000800000055ff8a006cff9d000e00000026060f001200ffffffff000008000000cbfc9a0213fdd40207000000fc020000004000020000040000002d01030004000000f0010400070000001804d50214fd9a02cbfc0a00000026060f000a00ffffffff0100000000000e00000026060f001200ffffffff000008000000cefc96021bfdd00207000000fc02000000c000020000040000002d01040004000000f0010300070000001804d1021cfd9602cefc0a00000026060f000a00ffffffff0100000000000e00000026060f001200ffffffff000008000000e7fc9a0209fdb60207000000fc02000040ff40020000040000002d01030004000000f0010400070000001804b7020afd9a02e7fc0a00000026060f000a00ffffffff0100000000000a00000026060f000a00ffffffff0100000000000e00000026060f001200ffffffff0000080000003eff660050ff76000e00000026060f001200ffffffff0000080000005ffcef018efc190207000000fc020000004000020000040000002d01040004000000f00103000700000018041a028ffcef015ffc0a00000026060f000a00ffffffff0100000000000e00000026060f001200ffffffff00000800000061fceb0193fc160207000000fc02000000c000020000040000002d01030004000000f0010400070000001804170294fceb0161fc0a00000026060f000a00ffffffff0100000000000e00000026060f001200ffffffff00000800000071fcef0187fc030207000000fc02000040ff40020000040000002d01040004000000f0010300070000001804040288fcef0171fc0a00000026060f000a00ffffffff0100000000000a00000026060f000a00ffffffff0100000000000e00000026060f001200ffffffff000008000000f6ff2300070033000e00000026060f001200ffffffff000008000000d1ffad00fdffd50007000000fc020000004000020000040000002d01030004000000f0010400070000001804d600feffad00d1ff0a00000026060f000a00ffffffff0100000000000e00000026060f001200ffffffff000008000000d4ffaa000300d20007000000fc02000000c000020000040000002d01040004000000f0010300070000001804d3000400aa00d4ff0a00000026060f000a00ffffffff0100000000000e00000026060f001200ffffffff000008000000e2ffad00f7ffc10007000000fc02000040ff40020000040000002d01030004000000f0010400070000001804c200f8ffad00e2ff0a00000026060f000a00ffffffff0100000000000a00000026060f000a00ffffffff0100000000000e00000026060f001200ffffffff0000080000009efe200281ff100407000000fc020000400040020000040000002d01040004000000f00103003400000024031800ccfe1004c3feef03b9fed103b0feb503a9fea0039efe84039efe4a03dffeb8022cff400242ff200250ff34025aff480262ff5a026dff6d0275ff89027aff9d0281ffb3026cffd40256fff8023fff190327ff4d0312ff7c03f7feb503e3fee2030a00000026060f000a00ffffffff0100000000000e00000026060f001200ffffffff00000800000031fec60148ff8c0307000000fc020000600060020000040000002d01030004000000f00104003000000024031600dafec601befee8019dfe0f0285fe2e026afe570252fe900231fed40259fe090374fe34038bfe5c03a1fe8c03b6fe5903cafe1c03e2fee002fbfea70218ff7a0230ff520248ff29023dff17022dff030218ffef01fefedc010a00000026060f000a00ffffffff0100000000000e00000026060f001200ffffffff00000800000041fa7d042afe3c0707000000fc020000400040020000040000002d01040004000000f00103001a00000024030b002afe420523fe28051afe0d050efef30405fed704f5fdba04e9fda304ddfd8c04d2fd7d0441fa3c0794fb3c070a00000026060f000a00ffffffff0100000000000e00000026060f001200ffffffff00000800000022fa9303d4fd3c0707000000fc020000600060020000040000002d01030004000000f00104002000000024030e0022fa3c0745fa3c07d4fd8004c4fd6204b4fd4a049ffd2e048bfd110478fdf70362fddd034ffdc8033dfdb3032bfda2031ffd930322faf4050a00000026060f000a00ffffffff0100000000000e00000026060f001200ffffffff00000800000084ff0a0198ff21010e00000026060f001200ffffffff000008000000aefd0205e9fd4d0507000000fc020000200020020000040000002d01040004000000f00103000700000018044e05eafd0205aefd0a00000026060f000a00ffffffff0100000000000e00000026060f001200ffffffff000008000000affdfd04eefd480507000000fc020000a000a0020000040000002d01030004000000f00104000700000018044905effdfd04affd0a00000026060f000a00ffffffff0100000000000e00000026060f001200ffffffff000008000000c3fd0205dffd280507000000fc020000ff00ff020000040000002d01040004000000f00103000700000018042905e0fd0205c3fd0a00000026060f000a00ffffffff0100000000000a00000026060f000a00ffffffff0100000000000e00000026060f001200ffffffff0000080000005cff09016eff1d010e00000026060f001200ffffffff000008000000effcfd041ffd380507000000fc020000200020020000040000002d01030004000000f0010400070000001804390520fdfd04effc0a00000026060f000a00ffffffff0100000000000e00000026060f001200ffffffff000008000000f0fcf90423fd340507000000fc020000a000a0020000040000002d01040004000000f0010300070000001804350524fdf904f0fc0a00000026060f000a00ffffffff0100000000000e00000026060f001200ffffffff00000800000002fdfd0417fd1b0507000000fc020000ff00ff020000040000002d01030004000000f00104000700000018041c0518fdfd0402fd0a00000026060f000a00ffffffff0100000000000a00000026060f000a00ffffffff0100000000000e00000026060f001200ffffffff0000080000007ffff3008eff02010e00000026060f001200ffffffff00000800000097fd9004bdfdba0407000000fc020000200020020000040000002d01040004000000f0010300070000001804bb04befd900497fd0a00000026060f000a00ffffffff0100000000000e00000026060f001200ffffffff00000800000099fd8e04c0fdb80407000000fc020000a000a0020000040000002d01030004000000f0010400070000001804b904c1fd8e0499fd0a00000026060f000a00ffffffff0100000000000e00000026060f001200ffffffff000008000000a4fd9004b8fda60407000000fc020000ff00ff020000040000002d01040004000000f0010300070000001804a704b9fd9004a4fd0a00000026060f000a00ffffffff0100000000000a00000026060f000a00ffffffff0100000000000e00000026060f001200ffffffff00000800000075ff2b0186ff42010e00000026060f001200ffffffff00000800000064fda00594fdea0507000000fc020000200020020000040000002d01030004000000f0010400070000001804eb0595fda00564fd0a00000026060f000a00ffffffff0100000000000e00000026060f001200ffffffff00000800000064fd9b0598fde50507000000fc020000a000a0020000040000002d01040004000000f0010300070000001804e60599fd9b0564fd0a00000026060f000a00ffffffff0100000000000e00000026060f001200ffffffff00000800000075fda0058cfdc50507000000fc020000ff00ff020000040000002d01030004000000f0010400070000001804c6058dfda00575fd0a00000026060f000a00ffffffff0100000000000a00000026060f000a00ffffffff0100000000000e00000026060f001200ffffffff0000080000002efffc0046ff14010e00000026060f001200ffffffff0000080000000ffcc2045ffc0f0507000000fc020000200020020000040000002d01040004000000f0010300070000001804100560fcc2040ffc0a00000026060f000a00ffffffff0100000000000e00000026060f001200ffffffff00000800000010fcbb0465fc0a0507000000fc020000a000a0020000040000002d01030004000000f00104000700000018040b0566fcbb0410fc0a00000026060f000a00ffffffff0100000000000e00000026060f001200ffffffff0000080000002cfcc20452fce90407000000fc020000ff00ff020000040000002d01040004000000f0010300070000001804ea0453fcc2042cfc0a00000026060f000a00ffffffff0100000000000a00000026060f000a00ffffffff0100000000000e00000026060f001200ffffffff00000800000040ffcf0052ffe2000e00000026060f001200ffffffff00000800000065fce4039afc1f0407000000fc020000200020020000040000002d01030004000000f001040007000000180420049bfce40365fc0a00000026060f000a00ffffffff0100000000000e00000026060f001200ffffffff00000800000067fce0039efc1b0407000000fc020000a000a0020000040000002d01040004000000f00103000700000018041c049ffce00367fc0a00000026060f000a00ffffffff0100000000000e00000026060f001200ffffffff00000800000078fce40390fc020407000000fc020000ff00ff020000040000002d01030004000000f0010400070000001804030491fce40378fc0a00000026060f000a00ffffffff0100000000000a00000026060f000a00ffffffff0100000000000e00000026060f001200ffffffff00000800000013ff3f012cff56010e00000026060f001200ffffffff00000800000090fbfe05e4fb4b0607000000fc020000200020020000040000002d01040004000000f00103000700000018044c06e5fbfe0590fb0a00000026060f000a00ffffffff0100000000000e00000026060f001200ffffffff00000800000091fbf905e9fb450607000000fc020000a000a0020000040000002d01030004000000f00104000700000018044606eafbf90591fb0a00000026060f000a00ffffffff0100000000000e00000026060f001200ffffffff000008000000aefbfe05d5fb240607000000fc020000ff00ff020000040000002d01040004000000f00103000700000018042506d6fbfe05aefb0a00000026060f000a00ffffffff0100000000000a00000026060f000a00ffffffff0100000000000e00000026060f001200ffffffff000008000000c1ffba00d0ffce000e00000026060f001200ffffffff000008000000d0fe8203fafebd0307000000fc020000200020020000040000002d01030004000000f0010400070000001804be03fbfe8203d0fe0a00000026060f000a00ffffffff0100000000000e00000026060f001200ffffffff000008000000d1fe7e03fcfeb90307000000fc020000a000a0020000040000002d01040004000000f0010300070000001804ba03fdfe7e03d1fe0a00000026060f000a00ffffffff0100000000000e00000026060f001200ffffffff000008000000defe8203f2fe9e0307000000fc020000ff00ff020000040000002d01030004000000f00104000700000018049f03f3fe8203defe0a00000026060f000a00ffffffff0100000000000a00000026060f000a00ffffffff0100000000000e00000026060f001200ffffffff000008000000beff9d00d2ffb3000e00000026060f001200ffffffff000008000000c4fef50200ff3f0307000000fc020000200020020000040000002d01040004000000f0010300070000001804400301fff502c4fe0a00000026060f000a00ffffffff0100000000000e00000026060f001200ffffffff000008000000c5fef00204ff3b0307000000fc020000a000a0020000040000002d01030004000000f00104000700000018043c0305fff002c5fe0a00000026060f000a00ffffffff0100000000000e00000026060f001200ffffffff000008000000d9fef502f6fe1a0307000000fc020000ff00ff020000040000002d01040004000000f00103000700000018041b03f7fef502d9fe0a00000026060f000a00ffffffff0100000000000a00000026060f000a00ffffffff0100000000000e00000026060f001200ffffffff000008000000d2ff8700e2ff9a000e00000026060f001200ffffffff00000800000025ff8e024dffc40207000000fc020000200020020000040000002d01030004000000f0010400070000001804c5024eff8e0225ff0a00000026060f000a00ffffffff0100000000000e00000026060f001200ffffffff00000800000025ff8a0250ffc00207000000fc020000a000a0020000040000002d01040004000000f0010300070000001804c10251ff8a0225ff0a00000026060f000a00ffffffff0100000000000e00000026060f001200ffffffff00000800000032ff8e0245ffa90207000000fc020000ff00ff020000040000002d01030004000000f0010400070000001804aa0246ff8e0232ff0a00000026060f000a00ffffffff0100000000000a00000026060f000a00ffffffff0100000000000e00000026060f001200ffffffff000008000000b3ff6100c6ff70000e00000026060f001200ffffffff00000800000090fed301c9fefa0107000000fc020000200020020000040000002d01040004000000f0010300070000001804fb01cafed30190fe0a00000026060f000a00ffffffff0100000000000e00000026060f001200ffffffff00000800000092fed001cdfef70107000000fc020000a000a0020000040000002d01030004000000f0010400070000001804f801cefed00192fe0a00000026060f000a00ffffffff0100000000000e00000026060f001200ffffffff000008000000a4fed301bffee70107000000fc020000ff00ff020000040000002d01040004000000f0010300070000001804e801c0fed301a4fe0a00000026060f000a00ffffffff0100000000000a00000026060f000a00ffffffff0100000000000e00000026060f001200ffffffff00000800000079ff630090ff75000e00000026060f001200ffffffff00000800000076fddc01c2fd120207000000fc020000200020020000040000002d01030004000000f00104000700000018041302c3fddc0176fd0a00000026060f000a00ffffffff0100000000000e00000026060f001200ffffffff00000800000077fdda01c8fd0e0207000000fc020000a000a0020000040000002d01040004000000f00103000700000018040f02c9fdda0177fd0a00000026060f000a00ffffffff0100000000000e00000026060f001200ffffffff00000800000092fddc01b5fdf70107000000fc020000ff00ff020000040000002d01030004000000f0010400070000001804f801b6fddc0192fd0a00000026060f000a00ffffffff0100000000000a00000026060f000a00ffffffff0100000000000e00000026060f001200ffffffff00000800000004ff97001effad000e00000026060f001200ffffffff00000800000046fbd7029ffb200307000000fc020000200020020000040000002d01040004000000f00103000700000018042103a0fbd70246fb0a00000026060f000a00ffffffff0100000000000e00000026060f001200ffffffff00000800000047fbd302a6fb1b0307000000fc020000a000a0020000040000002d01030004000000f00104000700000018041c03a7fbd30247fb0a00000026060f000a00ffffffff0100000000000e00000026060f001200ffffffff00000800000065fbd7028ffbfb0207000000fc020000ff00ff020000040000002d01040004000000f0010300070000001804fc0290fbd70265fb0a00000026060f000a00ffffffff0100000000000a00000026060f000a00ffffffff0100000000000a00000026060f000a00ffffffff0100000000000a00000026060f000a00ffffffff0100000000000e00000026060f001200544e505004000800000000000000000000000a00000026060f000a00ffffffff010000000000040000002d01020007000000fc020100000000000000040000002d01030004000000f001010004000000f0010400040000002701ffff0300000000002aad05fe, 0.13799999999999998, '1996-04-15 08:25:21', '1996-04-15 08:25:27', 1);
INSERT INTO `tblcocktail` (`CocktailNr`, `Cocktail`, `Zubereitung`, `Bemerkung`, `GlasNr`, `GruppeNr`, `CocktailBild`, `Alkoholgehalt`, `CocktailErfaßt`, `CocktailGeändert`, `CocktailVersion`) VALUES
(126, 'Kir Royal', 'Geben Sie die Creme de Cassis in ein Sektglas und füllen Sie mit dem eiskalten Sekt oder Champagner auf.', 'Aperitif', 4, NULL, 0x151c3100020000000800150014001c00ffffffff436c6970417274004d535f436c69704172745f47616c6c6572792e32000105000002000000150000004d535f436c69704172745f47616c6c6572792e320000000000000000008e020000ffe0f505010128416c6c65204b617465676f7269656e2900433a5c4d534f66666963655c436c69706172745c50637366696c65735c706f70756c61722e706373000088c2440068e46a0000000500407b02005a84020000000000e50000018a83b41f37170000522a410001000000941bf67f387148000c0000000c0000007c0249002c00000034e46a00967bf7bf20e46a000cca6d820c000000b0e86a007fdff9bff300000034e46a000c0000007c0249002c75400000020000180c9e009c744000180c9e0000020000b8e46a000002000064e46a0078e46a00f80941000002000001005053520000001128416c6c65204b617465676f7269656e2928433a5c4d534f66666963655c436c69706172745c50637366696c65735c706f70756c61722e7063730000000000000000000000000000000000000000000000000000000000000000000000000000000000000000000000000000000000000000000000000000000000000000000000000000000000000000000000000000000000000000000000000000000000000000000000000000000000000000000000000000000000000000000000000000000000000000000000000000000000000000000000000000000000000000000000000000000000000000000000000000000000000000000000000000000000000000000000000000000000000000000000000000000000000000000000000000000000000000000000000000000000000000000000000000000000000000000000000000000000000000000000000000000000000000000000000000000000000000000000000000000000000000000000000000000000000000000000000000000000000000000000000000000000000000000000000000000000000000000000000001050000050000000d0000004d45544146494c455049435400ba270000fbdaffff128800000800ba2705250000010009000003054400000500b200000000000400000003010800050000000b0200000000050000000c02100bdf0b050000000b0240fc13fa050000000c02100bdf0b030000001e000e00000026060f001200ffffffff00000800000013fa40fcf20550070a00000026060f000a00ffffffff0200000000001700000026060f002400ffffffff04001a000000544e505014004d6963726f736f667420506f776572506f696e740b00000026060f000c00544e505000000200000050000a00000026060f000a00ffffffff0300000000000e00000026060f001200544e50500400080000000100010000000000050000000b0240fc13fa050000000c02100bdf0b57000000f700000329000000000000400000006000000080000000a0000000c0000000c0c00000e0e000200020004000400040ff4000600060008000800080ffff00a000a000c0ffff00e0800000ff00ff00ff800000ffa04000ffffff0000000000800000000080000080800000000080008000800000808000c0c0c000c0dcc000a6caf000fffbf000a0a0a40080808000ff00000000ff0000ffff00000000ff00ff00ff0000ffff00ffffff0004000000340200000300000035000e00000026060f001200ffffffff000008000000c6fe3aff41018a010e00000026060f001200ffffffff000008000000fcff3aff410160000e00000026060f001200ffffffff00000800000046004dfc1605ae0107000000fc02000000e0e0020000040000002d01010009000000fa02050000000000ffffff002200040000002d01020009000000fa0206000800000000c0c0022200040000002d010300b20000002403570046007000dd0000007c0171ffc701fafe03027afe22020ffe3602affd520234fd52026cfd5602abfd6202ebfd8a0270fdb602f8fced0299fc31034dfc0503adfce1021cfdc50280fdaa02e3fd920233fe6a02aafea60247fed10203fe1503b3fd510374fd900340fdc8031cfd4704fcfc030420fdd80344fd980378fd6003bbfd250303fef50243fec90292feaa02fafee502aafe1d0372fe49034afe84032bfecc0313fe0b0407fe53040bfea60423fece0452fed604a2feae0456fe87043bfe47042bfef7033bfeb8035efe880392fe7003d2feac03befef403a6fe2b049efe7b04aefe2b04c6feec03defeb803fafe800329fff70321ff470421ff830421ff0e0545ff63043dfffb0351ff3f0465ff7b0481ffb604a9ffe604d0ff8704b1ff4304a5ffff03a9ffb003b9ff6403d4ff1503f8ff550304000b0434006c03240019032c00bc03700015034c00bd0254006a027f002202b300cd00a6010a00000026060f000a00ffffffff0100000000000e00000026060f001200ffffffff000008000000ca003aff4101aeff0e00000026060f001200ffffffff0000080000002c044bfce40508fe07000000fc020000e08000020000040000002d01040004000000f0010100040000002d01020009000000fa02060008000000000000022200040000002d01010004000000f00103002c000000240314002f04d2fc2c049efc34047afc4b045cfc73044cfcae044bfcef0450fc2e0564fc5d057cfc86059ffca905cafcc90503fdd6053bfddc056dfdd80595fdcd05c1fdb905e4fda105f6fd7d0500fe4d05f2fd0a00000026060f000a00ffffffff0100000000000e00000026060f001200ffffffff000008000000c9030bfd0b0559fe07000000fc020000ffa040020000040000002d01030004000000f0010400040000002d01020009000000fa02060008000000000000022200040000002d01040004000000f00101002400000024031000f5044afed20451feaa044cfe830439fe5f0428fe380410fe1504f2fdfb03cefde403a5fdd10376fdcc0351fdc9032dfdd4030bfd4b0417fdce044ffd0305e0fd0a00000026060f000a00ffffffff0100000000000e00000026060f001200ffffffff000008000000d503bafc760550fe07000000fc020000ff8000020000040000002d01010004000000f0010300040000002d01020009000000fa02060008000000000000022200040000002d01030004000000f00104002e000000240315003f04bafc6f04bafca404c3fcd304d1fcfc04e4fc220502fd3f0523fd530543fd630566fd6c058efd6e05b6fd6a05e2fdf60448feef0410fee204e4fdc804a9fda60481fd7b0453fd3f042bfd0d0416fdd50308fd0a00000026060f000a00ffffffff0100000000000a00000026060f000a00ffffffff0100000000000e00000026060f001200ffffffff000008000000fcff52ff220147000e00000026060f001200ffffffff0000080000007700f4ff9c001b000e00000026060f001200ffffffff0000080000003c02c7ffce02640007000000fc02000080ffff020000040000002d01040004000000f0010100040000002d0102000700000018046500cf02c7ff3c020a00000026060f000a00ffffffff0100000000000e00000026060f001200ffffffff0000080000005502d3ffc102440007000000fc02000000e0e0020000040000002d01010004000000f00104000700000018044500c202d3ff55020a00000026060f000a00ffffffff0100000000000e00000026060f001200ffffffff0000080000004602d4ffb8025a0007000000fc02000080ffff020000040000002d01040004000000f00101000700000018045b00b902d4ff46020a00000026060f000a00ffffffff0100000000000e00000026060f001200ffffffff0000080000004d02deff96022f0007000000fc020000c0ffff020000040000002d01010004000000f001040007000000180430009702deff4d020a00000026060f000a00ffffffff0100000000000e00000026060f001200ffffffff0000080000005702f2ff7002110007000000fc020000ffffff020000040000002d01040004000000f001010007000000180412007102f2ff57020a00000026060f000a00ffffffff0100000000000a00000026060f000a00ffffffff0100000000000e00000026060f001200ffffffff0000080000008500d0ffa900f7ff0e00000026060f001200ffffffff0000080000007e021bff0f03b8ff07000000fc02000080ffff020000040000002d01010004000000f0010400070000001804b9ff10031bff7e020a00000026060f000a00ffffffff0100000000000e00000026060f001200ffffffff0000080000008a023bfff602acff07000000fc02000000e0e0020000040000002d01040004000000f0010100070000001804adfff7023bff8a020a00000026060f000a00ffffffff0100000000000e00000026060f001200ffffffff000008000000930225ff0403abff07000000fc02000080ffff020000040000002d01010004000000f0010400070000001804acff050325ff93020a00000026060f000a00ffffffff0100000000000e00000026060f001200ffffffff000008000000b40250ffff02a1ff07000000fc020000c0ffff020000040000002d01040004000000f0010100070000001804a2ff000350ffb4020a00000026060f000a00ffffffff0100000000000e00000026060f001200ffffffff000008000000db026efff3028dff07000000fc020000ffffff020000040000002d01010004000000f00104000700000018048efff4026effdb020a00000026060f000a00ffffffff0100000000000a00000026060f000a00ffffffff0100000000000e00000026060f001200ffffffff0000080000005a00d5ff7e00fcff0e00000026060f001200ffffffff000008000000ae0131ff3f02ceff07000000fc02000080ffff020000040000002d01040004000000f0010100070000001804cfff400231ffae010a00000026060f000a00ffffffff0100000000000e00000026060f001200ffffffff000008000000ba013dff2602afff07000000fc02000000e0e0020000040000002d01010004000000f0010400070000001804b0ff27023dffba010a00000026060f000a00ffffffff0100000000000e00000026060f001200ffffffff000008000000c3013dff3402c4ff07000000fc02000080ffff020000040000002d01040004000000f0010100070000001804c5ff35023dffc3010a00000026060f000a00ffffffff0100000000000e00000026060f001200ffffffff000008000000e40148ff2f0299ff07000000fc020000c0ffff020000040000002d01010004000000f00104000700000018049aff300248ffe4010a00000026060f000a00ffffffff0100000000000e00000026060f001200ffffffff0000080000000b025cff23027bff07000000fc020000ffffff020000040000002d01040004000000f00101000700000018047cff24025cff0b020a00000026060f000a00ffffffff0100000000000a00000026060f000a00ffffffff0100000000000e00000026060f001200ffffffff0000080000003b00e8ff580005000e00000026060f001200ffffffff0000080000001d018dff8901f9ff07000000fc02000080ffff020000040000002d01010004000000f0010400070000001804faff8a018dff1d010a00000026060f000a00ffffffff0100000000000e00000026060f001200ffffffff000008000000270195ff7701e4ff07000000fc02000000e0e0020000040000002d01040004000000f0010100070000001804e5ff780195ff27010a00000026060f000a00ffffffff0100000000000e00000026060f001200ffffffff0000080000002d0195ff8201f2ff07000000fc02000080ffff020000040000002d01010004000000f0010400070000001804f3ff830195ff2d010a00000026060f000a00ffffffff0100000000000e00000026060f001200ffffffff00000800000047019bff7e01d5ff07000000fc020000c0ffff020000040000002d01040004000000f0010100070000001804d6ff7f019bff47010a00000026060f000a00ffffffff0100000000000e00000026060f001200ffffffff0000080000006201aaff7401c0ff07000000fc020000ffffff020000040000002d01010004000000f0010400070000001804c1ff7501aaff62010a00000026060f000a00ffffffff0100000000000a00000026060f000a00ffffffff0100000000000e00000026060f001200ffffffff0000080000004f00f3ff700013000e00000026060f001200ffffffff0000080000007d01c2fffa013e0007000000fc02000080ffff020000040000002d01040004000000f00101000700000018043f00fb01c2ff7d010a00000026060f000a00ffffffff0100000000000e00000026060f001200ffffffff0000080000009201cbffef01260007000000fc02000000e0e0020000040000002d01010004000000f00104000700000018042700f001cbff92010a00000026060f000a00ffffffff0100000000000e00000026060f001200ffffffff0000080000008501ccffe801370007000000fc02000080ffff020000040000002d01040004000000f00101000700000018043800e901ccff85010a00000026060f000a00ffffffff0100000000000e00000026060f001200ffffffff0000080000008a01d4ffca01150007000000fc020000c0ffff020000040000002d01010004000000f00104000700000018041600cb01d4ff8a010a00000026060f000a00ffffffff0100000000000e00000026060f001200ffffffff0000080000009501e3ffa901fdff07000000fc020000ffffff020000040000002d01040004000000f0010100070000001804feffaa01e3ff95010a00000026060f000a00ffffffff0100000000000a00000026060f000a00ffffffff0100000000000e00000026060f001200ffffffff0000080000007a00e7ff920000000e00000026060f001200ffffffff000008000000480287ffa002e4ff07000000fc02000080ffff020000040000002d01010004000000f0010400070000001804e5ffa10287ff48020a00000026060f000a00ffffffff0100000000000e00000026060f001200ffffffff00000800000050028eff9102d2ff07000000fc02000000e0e0020000040000002d01040004000000f0010100070000001804d3ff92028eff50020a00000026060f000a00ffffffff0100000000000e00000026060f001200ffffffff00000800000055028eff9902deff07000000fc02000080ffff020000040000002d01010004000000f0010400070000001804dfff9a028eff55020a00000026060f000a00ffffffff0100000000000e00000026060f001200ffffffff000008000000690295ff9602c5ff07000000fc020000c0ffff020000040000002d01040004000000f0010100070000001804c6ff970295ff69020a00000026060f000a00ffffffff0100000000000e00000026060f001200ffffffff0000080000007f029fff8e02b3ff07000000fc020000ffffff020000040000002d01010004000000f0010400070000001804b4ff8f029fff7f020a00000026060f000a00ffffffff0100000000000a00000026060f000a00ffffffff0100000000000e00000026060f001200ffffffff0000080000006800b9ff8c00e0ff0e00000026060f001200ffffffff000008000000f101abfe830248ff07000000fc02000080ffff020000040000002d01040004000000f001010007000000180449ff8402abfef1010a00000026060f000a00ffffffff0100000000000e00000026060f001200ffffffff0000080000000902b7fe750229ff07000000fc02000000e0e0020000040000002d01010004000000f00104000700000018042aff7602b7fe09020a00000026060f000a00ffffffff0100000000000e00000026060f001200ffffffff000008000000fb01b7fe6c023eff07000000fc02000080ffff020000040000002d01040004000000f00101000700000018043fff6d02b7fefb010a00000026060f000a00ffffffff0100000000000e00000026060f001200ffffffff0000080000000102c2fe4b0213ff07000000fc020000c0ffff020000040000002d01010004000000f001040007000000180414ff4c02c2fe01020a00000026060f000a00ffffffff0100000000000e00000026060f001200ffffffff0000080000000c02d6fe2402f5fe07000000fc020000ffffff020000040000002d01040004000000f0010100070000001804f6fe2502d6fe0c020a00000026060f000a00ffffffff0100000000000a00000026060f000a00ffffffff0100000000000e00000026060f001200ffffffff000008000000750095ff9a00bcff0e00000026060f001200ffffffff0000080000003202fffdc3029bfe07000000fc02000080ffff020000040000002d01010004000000f00104000700000018049cfec402fffd32020a00000026060f000a00ffffffff0100000000000e00000026060f001200ffffffff00000800000040021ffeaa0290fe07000000fc02000000e0e0020000040000002d01040004000000f001010007000000180491feab021ffe40020a00000026060f000a00ffffffff0100000000000e00000026060f001200ffffffff000008000000480208feba028ffe07000000fc02000080ffff020000040000002d01010004000000f001040007000000180490febb0208fe48020a00000026060f000a00ffffffff0100000000000e00000026060f001200ffffffff0000080000006a0234feb40286fe07000000fc020000c0ffff020000040000002d01040004000000f001010007000000180487feb50234fe6a020a00000026060f000a00ffffffff0100000000000e00000026060f001200ffffffff000008000000900252fea80272fe07000000fc020000ffffff020000040000002d01010004000000f001040007000000180473fea90252fe90020a00000026060f000a00ffffffff0100000000000a00000026060f000a00ffffffff0100000000000e00000026060f001200ffffffff0000080000004d009bff7200c2ff0e00000026060f001200ffffffff00000800000072011bfe0302b7fe07000000fc02000080ffff020000040000002d01040004000000f0010100070000001804b8fe04021bfe72010a00000026060f000a00ffffffff0100000000000e00000026060f001200ffffffff000008000000800127feec0198fe07000000fc02000000e0e0020000040000002d01010004000000f001040007000000180499feed0127fe80010a00000026060f000a00ffffffff0100000000000e00000026060f001200ffffffff000008000000870127fefa01adfe07000000fc02000080ffff020000040000002d01040004000000f0010100070000001804aefefb0127fe87010a00000026060f000a00ffffffff0100000000000e00000026060f001200ffffffff000008000000aa0131fef30183fe07000000fc020000c0ffff020000040000002d01010004000000f001040007000000180484fef40131feaa010a00000026060f000a00ffffffff0100000000000e00000026060f001200ffffffff000008000000d00144fee90164fe07000000fc020000ffffff020000040000002d01040004000000f001010007000000180465feea0144fed0010a00000026060f000a00ffffffff0100000000000a00000026060f000a00ffffffff0100000000000e00000026060f001200ffffffff0000080000002c00adff4900c9ff0e00000026060f001200ffffffff000008000000d30070fe3e01dcfe07000000fc02000080ffff020000040000002d01010004000000f0010400070000001804ddfe3f0170fed3000a00000026060f000a00ffffffff0100000000000e00000026060f001200ffffffff000008000000db0078fe2b01c7fe07000000fc02000000e0e0020000040000002d01040004000000f0010100070000001804c8fe2c0178fedb000a00000026060f000a00ffffffff0100000000000e00000026060f001200ffffffff000008000000e20079fe3601d5fe07000000fc02000080ffff020000040000002d01010004000000f0010400070000001804d6fe370179fee2000a00000026060f000a00ffffffff0100000000000e00000026060f001200ffffffff000008000000fb0080fe3201b8fe07000000fc020000c0ffff020000040000002d01040004000000f0010100070000001804b9fe330180fefb000a00000026060f000a00ffffffff0100000000000e00000026060f001200ffffffff00000800000017018dfe2a01a4fe07000000fc020000ffffff020000040000002d01010004000000f0010400070000001804a5fe2b018dfe17010a00000026060f000a00ffffffff0100000000000a00000026060f000a00ffffffff0100000000000e00000026060f001200ffffffff0000080000004000b8ff6000d8ff0e00000026060f001200ffffffff0000080000003101a6feaf0122ff07000000fc02000080ffff020000040000002d01040004000000f001010007000000180423ffb001a6fe31010a00000026060f000a00ffffffff0100000000000e00000026060f001200ffffffff0000080000004701affea40109ff07000000fc02000000e0e0020000040000002d01010004000000f00104000700000018040affa501affe47010a00000026060f000a00ffffffff0100000000000e00000026060f001200ffffffff0000080000003901affe9d011aff07000000fc02000080ffff020000040000002d01040004000000f00101000700000018041bff9e01affe39010a00000026060f000a00ffffffff0100000000000e00000026060f001200ffffffff0000080000003f01b7fe7f01f9fe07000000fc020000c0ffff020000040000002d01010004000000f0010400070000001804fafe8001b7fe3f010a00000026060f000a00ffffffff0100000000000e00000026060f001200ffffffff0000080000004901c7fe5f01e0fe07000000fc020000ffffff020000040000002d01040004000000f0010100070000001804e1fe6001c7fe49010a00000026060f000a00ffffffff0100000000000a00000026060f000a00ffffffff0100000000000e00000026060f001200ffffffff0000080000006a00abff8300c5ff0e00000026060f001200ffffffff000008000000fd016afe5402c7fe07000000fc02000080ffff020000040000002d01010004000000f0010400070000001804c8fe55026afefd010a00000026060f000a00ffffffff0100000000000e00000026060f001200ffffffff000008000000040271fe4602b5fe07000000fc02000000e0e0020000040000002d01040004000000f0010100070000001804b6fe470271fe04020a00000026060f000a00ffffffff0100000000000e00000026060f001200ffffffff000008000000090272fe4f02c1fe07000000fc02000080ffff020000040000002d01010004000000f0010400070000001804c2fe500272fe09020a00000026060f000a00ffffffff0100000000000e00000026060f001200ffffffff0000080000001d0278fe4b02a9fe07000000fc020000c0ffff020000040000002d01040004000000f0010100070000001804aafe4c0278fe1d020a00000026060f000a00ffffffff0100000000000e00000026060f001200ffffffff000008000000350284fe440297fe07000000fc020000ffffff020000040000002d01010004000000f001040007000000180498fe450284fe35020a00000026060f000a00ffffffff0100000000000a00000026060f000a00ffffffff0100000000000e00000026060f001200ffffffff000008000000c800ddffe700fdff0e00000026060f001200ffffffff000008000000c1035aff3504d4ff07000000fc02000080ffff020000040000002d01040004000000f0010100070000001804d5ff36045affc1030a00000026060f000a00ffffffff0100000000000e00000026060f001200ffffffff000008000000d50364ff2b04bbff07000000fc02000000e0e0020000040000002d01010004000000f0010400070000001804bcff2c0464ffd5030a00000026060f000a00ffffffff0100000000000e00000026060f001200ffffffff000008000000c90364ff2404ccff07000000fc02000080ffff020000040000002d01040004000000f0010100070000001804cdff250464ffc9030a00000026060f000a00ffffffff0100000000000e00000026060f001200ffffffff000008000000cd036cff0904abff07000000fc020000c0ffff020000040000002d01010004000000f0010400070000001804acff0a046cffcd030a00000026060f000a00ffffffff0100000000000e00000026060f001200ffffffff000008000000d6037affeb0393ff07000000fc020000ffffff020000040000002d01040004000000f001010007000000180494ffec037affd6030a00000026060f000a00ffffffff0100000000000a00000026060f000a00ffffffff0100000000000e00000026060f001200ffffffff000008000000ae00bcffce00dfff0e00000026060f001200ffffffff0000080000004303bbfebe0342ff07000000fc02000080ffff020000040000002d01010004000000f001040007000000180443ffbf03bbfe43030a00000026060f000a00ffffffff0100000000000e00000026060f001200ffffffff0000080000004d03c5fea90327ff07000000fc02000000e0e0020000040000002d01040004000000f001010007000000180428ffaa03c5fe4d030a00000026060f000a00ffffffff0100000000000e00000026060f001200ffffffff0000080000005503c6feb5033aff07000000fc02000080ffff020000040000002d01010004000000f00104000700000018043bffb603c6fe55030a00000026060f000a00ffffffff0100000000000e00000026060f001200ffffffff0000080000007203cefeaf0315ff07000000fc020000c0ffff020000040000002d01040004000000f001010007000000180416ffb003cefe72030a00000026060f000a00ffffffff0100000000000e00000026060f001200ffffffff0000080000009103dffea603fafe07000000fc020000ffffff020000040000002d01010004000000f0010400070000001804fbfea703dffe91030a00000026060f000a00ffffffff0100000000000a00000026060f000a00ffffffff0100000000000e00000026060f001200ffffffff0000080000008f00c2ffab00dfff0e00000026060f001200ffffffff000008000000ae02d6fe180342ff07000000fc02000080ffff020000040000002d01040004000000f001010007000000180443ff1903d6feae020a00000026060f000a00ffffffff0100000000000e00000026060f001200ffffffff000008000000b702defe07032dff07000000fc02000000e0e0020000040000002d01010004000000f00104000700000018042eff0803defeb7020a00000026060f000a00ffffffff0100000000000e00000026060f001200ffffffff000008000000bc02defe12033bff07000000fc02000080ffff020000040000002d01040004000000f00101000700000018043cff1303defebc020a00000026060f000a00ffffffff0100000000000e00000026060f001200ffffffff000008000000d502e6fe0c031eff07000000fc020000c0ffff020000040000002d01010004000000f00104000700000018041fff0d03e6fed5020a00000026060f000a00ffffffff0100000000000e00000026060f001200ffffffff000008000000f102f3fe040309ff07000000fc020000ffffff020000040000002d01040004000000f00101000700000018040aff0503f3fef1020a00000026060f000a00ffffffff0100000000000a00000026060f000a00ffffffff0100000000000e00000026060f001200ffffffff000008000000a000d5ffc100f5ff0e00000026060f001200ffffffff000008000000020331ff7e03adff07000000fc02000080ffff020000040000002d01010004000000f0010400070000001804aeff7f0331ff02030a00000026060f000a00ffffffff0100000000000e00000026060f001200ffffffff00000800000018033bff740394ff07000000fc02000000e0e0020000040000002d01040004000000f001010007000000180495ff75033bff18030a00000026060f000a00ffffffff0100000000000e00000026060f001200ffffffff0000080000000a033bff6d03a5ff07000000fc02000080ffff020000040000002d01010004000000f0010400070000001804a6ff6e033bff0a030a00000026060f000a00ffffffff0100000000000e00000026060f001200ffffffff000008000000100342ff500384ff07000000fc020000c0ffff020000040000002d01040004000000f001010007000000180485ff510342ff10030a00000026060f000a00ffffffff0100000000000e00000026060f001200ffffffff000008000000190352ff2f036bff07000000fc020000ffffff020000040000002d01010004000000f00104000700000018046cff300352ff19030a00000026060f000a00ffffffff0100000000000a00000026060f000a00ffffffff0100000000000e00000026060f001200ffffffff0000080000000a01d3ff2201ecff0e00000026060f001200ffffffff000008000000fb0427ff520583ff07000000fc02000080ffff020000040000002d01040004000000f001010007000000180484ff530527fffb040a00000026060f000a00ffffffff0100000000000e00000026060f001200ffffffff00000800000003052cff430570ff07000000fc02000000e0e0020000040000002d01010004000000f001040007000000180471ff44052cff03050a00000026060f000a00ffffffff0100000000000e00000026060f001200ffffffff00000800000008052dff4d057eff07000000fc02000080ffff020000040000002d01040004000000f00101000700000018047fff4e052dff08050a00000026060f000a00ffffffff0100000000000e00000026060f001200ffffffff0000080000001b0533ff490564ff07000000fc020000c0ffff020000040000002d01010004000000f001040007000000180465ff4a0533ff1b050a00000026060f000a00ffffffff0100000000000e00000026060f001200ffffffff00000800000033053fff420552ff07000000fc020000ffffff020000040000002d01040004000000f001010007000000180453ff43053fff33050a00000026060f000a00ffffffff0100000000000a00000026060f000a00ffffffff0100000000000e00000026060f001200ffffffff0000080000003900c9ff5e00f0ff0e00000026060f001200ffffffff0000080000001201f7fea30193ff07000000fc02000080ffff020000040000002d01010004000000f001040007000000180494ffa401f7fe12010a00000026060f000a00ffffffff0100000000000e00000026060f001200ffffffff000008000000290102ff950174ff07000000fc02000000e0e0020000040000002d01040004000000f001010007000000180475ff960102ff29010a00000026060f000a00ffffffff0100000000000e00000026060f001200ffffffff0000080000001b0103ff8c0189ff07000000fc02000080ffff020000040000002d01010004000000f00104000700000018048aff8d0103ff1b010a00000026060f000a00ffffffff0100000000000e00000026060f001200ffffffff00000800000021010cff6b015eff07000000fc020000c0ffff020000040000002d01040004000000f00101000700000018045fff6c010cff21010a00000026060f000a00ffffffff0100000000000e00000026060f001200ffffffff0000080000002c0120ff45013fff07000000fc020000ffffff020000040000002d01010004000000f001040007000000180440ff460120ff2c010a00000026060f000a00ffffffff0100000000000a00000026060f000a00ffffffff0100000000000e00000026060f001200ffffffff0000080000003f008aff6300b1ff0e00000026060f001200ffffffff0000080000002d01cafdbe0166fe07000000fc02000080ffff020000040000002d01040004000000f001010007000000180467febf01cafd2d010a00000026060f000a00ffffffff0100000000000e00000026060f001200ffffffff0000080000003901e8fda5015afe07000000fc02000000e0e0020000040000002d01010004000000f00104000700000018045bfea601e8fd39010a00000026060f000a00ffffffff0100000000000e00000026060f001200ffffffff0000080000004301d3fdb5015afe07000000fc02000080ffff020000040000002d01040004000000f00101000700000018045bfeb601d3fd43010a00000026060f000a00ffffffff0100000000000e00000026060f001200ffffffff0000080000006501fefdaf014ffe07000000fc020000c0ffff020000040000002d01010004000000f001040007000000180450feb001fefd65010a00000026060f000a00ffffffff0100000000000e00000026060f001200ffffffff0000080000008a011cfea3013bfe07000000fc020000ffffff020000040000002d01040004000000f00101000700000018043cfea4011cfe8a010a00000026060f000a00ffffffff0100000000000a00000026060f000a00ffffffff0100000000000e00000026060f001200ffffffff0000080000001500a3ff3900caff0e00000026060f001200ffffffff000008000000630040fef400ddfe07000000fc02000080ffff020000040000002d01010004000000f0010400070000001804defef50040fe63000a00000026060f000a00ffffffff0100000000000e00000026060f001200ffffffff0000080000006f004cfedb00bdfe07000000fc02000000e0e0020000040000002d01040004000000f0010100070000001804befedc004cfe6f000a00000026060f000a00ffffffff0100000000000e00000026060f001200ffffffff00000800000078004dfeea00d2fe07000000fc02000080ffff020000040000002d01010004000000f0010400070000001804d3feeb004dfe78000a00000026060f000a00ffffffff0100000000000e00000026060f001200ffffffff0000080000009a0056fee400a8fe07000000fc020000c0ffff020000040000002d01040004000000f0010100070000001804a9fee50056fe9a000a00000026060f000a00ffffffff0100000000000e00000026060f001200ffffffff000008000000bf006afed8008afe07000000fc020000ffffff020000040000002d01010004000000f00104000700000018048bfed9006afebf000a00000026060f000a00ffffffff0100000000000a00000026060f000a00ffffffff0100000000000e00000026060f001200ffffffff000008000000fcffb6ff1900d2ff0e00000026060f001200ffffffff000008000000eeff9bfe590006ff07000000fc02000080ffff020000040000002d01040004000000f001010007000000180407ff5a009bfeeeff0a00000026060f000a00ffffffff0100000000000e00000026060f001200ffffffff000008000000f6ffa2fe4600f1fe07000000fc02000000e0e0020000040000002d01010004000000f0010400070000001804f2fe4700a2fef6ff0a00000026060f000a00ffffffff0100000000000e00000026060f001200ffffffff000008000000fdffa3fe510001ff07000000fc02000080ffff020000040000002d01040004000000f001010007000000180402ff5200a3fefdff0a00000026060f000a00ffffffff0100000000000e00000026060f001200ffffffff0000080000001600aafe4d00e2fe07000000fc020000c0ffff020000040000002d01010004000000f0010400070000001804e3fe4e00aafe16000a00000026060f000a00ffffffff0100000000000e00000026060f001200ffffffff0000080000003200b7fe4500cefe07000000fc020000ffffff020000040000002d01040004000000f0010100070000001804cffe4600b7fe32000a00000026060f000a00ffffffff0100000000000a00000026060f000a00ffffffff0100000000000e00000026060f001200ffffffff0000080000006700f1ff880012000e00000026060f001200ffffffff000008000000ef01baff6c02360007000000fc02000080ffff020000040000002d01010004000000f001040007000000180437006d02baffef010a00000026060f000a00ffffffff0100000000000e00000026060f001200ffffffff0000080000000502c3ff61021e0007000000fc02000000e0e0020000040000002d01040004000000f00101000700000018041f006202c3ff05020a00000026060f000a00ffffffff0100000000000e00000026060f001200ffffffff000008000000f701c4ff5b022f0007000000fc02000080ffff020000040000002d01010004000000f001040007000000180430005c02c4fff7010a00000026060f000a00ffffffff0100000000000e00000026060f001200ffffffff000008000000fd01cbff3c020d0007000000fc020000c0ffff020000040000002d01040004000000f00101000700000018040e003d02cbfffd010a00000026060f000a00ffffffff0100000000000e00000026060f001200ffffffff0000080000000702dbff1d02f5ff07000000fc020000ffffff020000040000002d01010004000000f0010400070000001804f6ff1e02dbff07020a00000026060f000a00ffffffff0100000000000a00000026060f000a00ffffffff0100000000000e00000026060f001200ffffffff0000080000000f0076ff270090ff0e00000026060f001200ffffffff00000800000047006afd9c00c7fd07000000fc02000080ffff020000040000002d01040004000000f0010100070000001804c8fd9d006afd47000a00000026060f000a00ffffffff0100000000000e00000026060f001200ffffffff0000080000004d0070fd8f00b4fd07000000fc02000000e0e0020000040000002d01010004000000f0010400070000001804b5fd900070fd4d000a00000026060f000a00ffffffff0100000000000e00000026060f001200ffffffff000008000000530071fd9700c1fd07000000fc02000080ffff020000040000002d01040004000000f0010100070000001804c2fd980071fd53000a00000026060f000a00ffffffff0100000000000e00000026060f001200ffffffff000008000000670076fd9400a8fd07000000fc020000c0ffff020000040000002d01010004000000f0010400070000001804a9fd950076fd67000a00000026060f000a00ffffffff0100000000000e00000026060f001200ffffffff0000080000007d0082fd8c0095fd07000000fc020000ffffff020000040000002d01040004000000f001010007000000180496fd8d0082fd7d000a00000026060f000a00ffffffff0100000000000a00000026060f000a00ffffffff0100000000000e00000026060f001200ffffffff000008000000cc000700e50022000e00000026060f001200ffffffff000008000000d10323002d04830007000000fc02000080ffff020000040000002d01010004000000f001040007000000180484002e042300d1030a00000026060f000a00ffffffff0100000000000e00000026060f001200ffffffff000008000000e00329002404700007000000fc02000000e0e0020000040000002d01040004000000f0010100070000001804710025042900e0030a00000026060f000a00ffffffff0100000000000e00000026060f001200ffffffff000008000000d6032b001f047d0007000000fc02000080ffff020000040000002d01010004000000f00104000700000018047e0020042b00d6030a00000026060f000a00ffffffff0100000000000e00000026060f001200ffffffff000008000000da0330000904630007000000fc020000c0ffff020000040000002d01040004000000f001010007000000180464000a043000da030a00000026060f000a00ffffffff0100000000000e00000026060f001200ffffffff000008000000e2033c00f203500007000000fc020000ffffff020000040000002d01010004000000f00104000700000018045100f3033c00e2030a00000026060f000a00ffffffff0100000000000a00000026060f000a00ffffffff0100000000000e00000026060f001200ffffffff000008000000d900e3fff60000000e00000026060f001200ffffffff000008000000120476ff7d04e4ff07000000fc02000080ffff020000040000002d01040004000000f0010100070000001804e5ff7e0476ff12040a00000026060f000a00ffffffff0100000000000e00000026060f001200ffffffff0000080000001b048bff6a04dcff07000000fc02000000e0e0020000040000002d01010004000000f0010400070000001804ddff6b048bff1b040a00000026060f000a00ffffffff0100000000000e00000026060f001200ffffffff00000800000022047dff7604dcff07000000fc02000080ffff020000040000002d01040004000000f0010100070000001804ddff77047dff22040a00000026060f000a00ffffffff0100000000000e00000026060f001200ffffffff0000080000003b049bff7104d4ff07000000fc020000c0ffff020000040000002d01010004000000f0010400070000001804d5ff72049bff3b040a00000026060f000a00ffffffff0100000000000e00000026060f001200ffffffff0000080000005704b1ff6904c6ff07000000fc020000ffffff020000040000002d01040004000000f0010100070000001804c7ff6a04b1ff57040a00000026060f000a00ffffffff0100000000000a00000026060f000a00ffffffff0100000000000e00000026060f001200ffffffff000008000000b100e9ffcc0005000e00000026060f001200ffffffff000008000000530392ffb603fbff07000000fc02000080ffff020000040000002d01010004000000f0010400070000001804fcffb70392ff53030a00000026060f000a00ffffffff0100000000000e00000026060f001200ffffffff0000080000005b039affa503e6ff07000000fc02000000e0e0020000040000002d01040004000000f0010100070000001804e7ffa6039aff5b030a00000026060f000a00ffffffff0100000000000e00000026060f001200ffffffff00000800000060039affaf03f5ff07000000fc02000080ffff020000040000002d01010004000000f0010400070000001804f6ffb0039aff60030a00000026060f000a00ffffffff0100000000000e00000026060f001200ffffffff0000080000007803a1ffaa03d8ff07000000fc020000c0ffff020000040000002d01040004000000f0010100070000001804d9ffab03a1ff78030a00000026060f000a00ffffffff0100000000000e00000026060f001200ffffffff0000080000009103aeffa203c4ff07000000fc020000ffffff020000040000002d01010004000000f0010400070000001804c5ffa303aeff91030a00000026060f000a00ffffffff0100000000000a00000026060f000a00ffffffff0100000000000e00000026060f001200ffffffff0000080000007600120092002f000e00000026060f001200ffffffff000008000000340256009e02c20007000000fc02000080ffff020000040000002d01040004000000f0010100070000001804c3009f02560034020a00000026060f000a00ffffffff0100000000000e00000026060f001200ffffffff0000080000003d025e008d02ad0007000000fc02000000e0e0020000040000002d01010004000000f0010400070000001804ae008e025e003d020a00000026060f000a00ffffffff0100000000000e00000026060f001200ffffffff000008000000420260009802bc0007000000fc02000080ffff020000040000002d01040004000000f0010100070000001804bd009902600042020a00000026060f000a00ffffffff0100000000000e00000026060f001200ffffffff0000080000005b02660092029f0007000000fc020000c0ffff020000040000002d01010004000000f0010400070000001804a000930266005b020a00000026060f000a00ffffffff0100000000000e00000026060f001200ffffffff000008000000770273008b028b0007000000fc020000ffffff020000040000002d01040004000000f00101000700000018048c008c02730077020a00000026060f000a00ffffffff0100000000000a00000026060f000a00ffffffff0100000000000e00000026060f001200ffffffff000008000000a4000600c40026000e00000026060f001200ffffffff00000800000012031d008e03990007000000fc02000080ffff020000040000002d01010004000000f00104000700000018049a008f031d0012030a00000026060f000a00ffffffff0100000000000e00000026060f001200ffffffff000008000000270327008403800007000000fc02000000e0e0020000040000002d01040004000000f001010007000000180481008503270027030a00000026060f000a00ffffffff0100000000000e00000026060f001200ffffffff0000080000001a0327007d03910007000000fc02000080ffff020000040000002d01010004000000f001040007000000180492007e0327001a030a00000026060f000a00ffffffff0100000000000e00000026060f001200ffffffff00000800000020032f006003700007000000fc020000c0ffff020000040000002d01040004000000f0010100070000001804710061032f0020030a00000026060f000a00ffffffff0100000000000e00000026060f001200ffffffff00000800000029033e003f03570007000000fc020000ffffff020000040000002d01010004000000f0010400070000001804580040033e0029030a00000026060f000a00ffffffff0100000000000a00000026060f000a00ffffffff0100000000000e00000026060f001200ffffffff000008000000f4002d000d0147000e00000026060f001200ffffffff0000080000009404d800eb04340107000000fc02000080ffff020000040000002d01040004000000f00101000700000018043501ec04d80094040a00000026060f000a00ffffffff0100000000000e00000026060f001200ffffffff0000080000009c04df00dc04230107000000fc02000000e0e0020000040000002d01010004000000f00104000700000018042401dd04df009c040a00000026060f000a00ffffffff0100000000000e00000026060f001200ffffffff000008000000a104e000e5042f0107000000fc02000080ffff020000040000002d01040004000000f00101000700000018043001e604e000a1040a00000026060f000a00ffffffff0100000000000e00000026060f001200ffffffff000008000000b404e600e104170107000000fc020000c0ffff020000040000002d01010004000000f00104000700000018041801e204e600b4040a00000026060f000a00ffffffff0100000000000e00000026060f001200ffffffff000008000000cb04f100db04050107000000fc020000ffffff020000040000002d01040004000000f00101000700000018040601dc04f100cb040a00000026060f000a00ffffffff0100000000000a00000026060f000a00ffffffff0100000000000e00000026060f001200ffffffff0000080000008900a0ffa800c1ff0e00000026060f001200ffffffff000008000000930234fe0603b5fe07000000fc02000080ffff020000040000002d01010004000000f0010400070000001804b6fe070334fe93020a00000026060f000a00ffffffff0100000000000e00000026060f001200ffffffff000008000000a6023dfefc029cfe07000000fc02000000e0e0020000040000002d01040004000000f00101000700000018049dfefd023dfea6020a00000026060f000a00ffffffff0100000000000e00000026060f001200ffffffff0000080000009b023ffef402adfe07000000fc02000080ffff020000040000002d01010004000000f0010400070000001804aefef5023ffe9b020a00000026060f000a00ffffffff0100000000000e00000026060f001200ffffffff000008000000a00247feda028afe07000000fc020000c0ffff020000040000002d01040004000000f00101000700000018048bfedb0247fea0020a00000026060f000a00ffffffff0100000000000e00000026060f001200ffffffff000008000000a80256febc0270fe07000000fc020000ffffff020000040000002d01010004000000f001040007000000180471febd0256fea8020a00000026060f000a00ffffffff0100000000000a00000026060f000a00ffffffff0100000000000e00000026060f001200ffffffff00000800000097007dffb1009eff0e00000026060f001200ffffffff000008000000d5028dfd350309fe07000000fc02000080ffff020000040000002d01040004000000f00101000700000018040afe36038dfdd5020a00000026060f000a00ffffffff0100000000000e00000026060f001200ffffffff000008000000dc02a6fd260300fe07000000fc02000000e0e0020000040000002d01010004000000f001040007000000180401fe2703a6fddc020a00000026060f000a00ffffffff0100000000000e00000026060f001200ffffffff000008000000e30295fd2f0300fe07000000fc02000080ffff020000040000002d01040004000000f001010007000000180401fe300395fde3020a00000026060f000a00ffffffff0100000000000e00000026060f001200ffffffff000008000000f902b6fd2b03f8fd07000000fc020000c0ffff020000040000002d01010004000000f0010400070000001804f9fd2c03b6fdf9020a00000026060f000a00ffffffff0100000000000e00000026060f001200ffffffff0000080000001203cffd2303e8fd07000000fc020000ffffff020000040000002d01040004000000f0010100070000001804e9fd2403cffd12030a00000026060f000a00ffffffff0100000000000a00000026060f000a00ffffffff0100000000000e00000026060f001200ffffffff0000080000008c008dffa400a7ff0e00000026060f001200ffffffff0000080000009f02dafdf70236fe07000000fc02000080ffff020000040000002d01010004000000f001040007000000180437fef802dafd9f020a00000026060f000a00ffffffff0100000000000e00000026060f001200ffffffff000008000000a702e0fde90225fe07000000fc02000000e0e0020000040000002d01040004000000f001010007000000180426feea02e0fda7020a00000026060f000a00ffffffff0100000000000e00000026060f001200ffffffff000008000000ac02e0fdf10231fe07000000fc02000080ffff020000040000002d01010004000000f001040007000000180432fef202e0fdac020a00000026060f000a00ffffffff0100000000000e00000026060f001200ffffffff000008000000c002e7fdee0217fe07000000fc020000c0ffff020000040000002d01040004000000f001010007000000180418feef02e7fdc0020a00000026060f000a00ffffffff0100000000000e00000026060f001200ffffffff000008000000d702f2fde60205fe07000000fc020000ffffff020000040000002d01010004000000f001040007000000180406fee702f2fdd7020a00000026060f000a00ffffffff0100000000000a00000026060f000a00ffffffff0100000000000e00000026060f001200ffffffff0000080000007a0060ff9e0087ff0e00000026060f001200ffffffff0000080000004902fefcda029bfd07000000fc02000080ffff020000040000002d01040004000000f00101000700000018049cfddb02fefc49020a00000026060f000a00ffffffff0100000000000e00000026060f001200ffffffff00000800000061020afdcd027bfd07000000fc02000000e0e0020000040000002d01010004000000f00104000700000018047cfdce020afd61020a00000026060f000a00ffffffff0100000000000e00000026060f001200ffffffff00000800000052020afdc30290fd07000000fc02000080ffff020000040000002d01040004000000f001010007000000180491fdc4020afd52020a00000026060f000a00ffffffff0100000000000e00000026060f001200ffffffff000008000000590214fda20266fd07000000fc020000c0ffff020000040000002d01010004000000f001040007000000180467fda30214fd59020a00000026060f000a00ffffffff0100000000000e00000026060f001200ffffffff000008000000630228fd7c0247fd07000000fc020000ffffff020000040000002d01040004000000f001010007000000180448fd7d0228fd63020a00000026060f000a00ffffffff0100000000000a00000026060f000a00ffffffff0100000000000e00000026060f001200ffffffff0000080000007c0052ff95006cff0e00000026060f001200ffffffff0000080000005502bdfcac0219fd07000000fc02000080ffff020000040000002d01010004000000f00104000700000018041afdad02bdfc55020a00000026060f000a00ffffffff0100000000000e00000026060f001200ffffffff0000080000005b02c3fc9d0208fd07000000fc02000000e0e0020000040000002d01040004000000f001010007000000180409fd9e02c3fc5b020a00000026060f000a00ffffffff0100000000000e00000026060f001200ffffffff0000080000006102c5fca60214fd07000000fc02000080ffff020000040000002d01010004000000f001040007000000180415fda702c5fc61020a00000026060f000a00ffffffff0100000000000e00000026060f001200ffffffff0000080000007502cafca202fcfc07000000fc020000c0ffff020000040000002d01040004000000f0010100070000001804fdfca302cafc75020a00000026060f000a00ffffffff0100000000000e00000026060f001200ffffffff0000080000008c02d6fc9c02e9fc07000000fc020000ffffff020000040000002d01010004000000f0010400070000001804eafc9d02d6fc8c020a00000026060f000a00ffffffff0100000000000a00000026060f000a00ffffffff0100000000000e00000026060f001200ffffffff000008000000c00066ffde0085ff0e00000026060f001200ffffffff0000080000009b031dfd0c0493fd07000000fc02000080ffff020000040000002d01040004000000f001010007000000180494fd0d041dfd9b030a00000026060f000a00ffffffff0100000000000e00000026060f001200ffffffff000008000000a40325fdf9037cfd07000000fc02000000e0e0020000040000002d01010004000000f00104000700000018047dfdfa0325fda4030a00000026060f000a00ffffffff0100000000000e00000026060f001200ffffffff000008000000ab0325fd04048cfd07000000fc02000080ffff020000040000002d01040004000000f00101000700000018048dfd050425fdab030a00000026060f000a00ffffffff0100000000000e00000026060f001200ffffffff000008000000c5032dfdff036cfd07000000fc020000c0ffff020000040000002d01010004000000f00104000700000018046dfd00042dfdc5030a00000026060f000a00ffffffff0100000000000e00000026060f001200ffffffff000008000000e4033dfdf70355fd07000000fc020000ffffff020000040000002d01040004000000f001010007000000180456fdf8033dfde4030a00000026060f000a00ffffffff0100000000000a00000026060f000a00ffffffff0100000000000e00000026060f001200ffffffff000008000000a10068ffbe0085ff0e00000026060f001200ffffffff000008000000050328fd700394fd07000000fc02000080ffff020000040000002d01010004000000f001040007000000180495fd710328fd05030a00000026060f000a00ffffffff0100000000000e00000026060f001200ffffffff0000080000000e0330fd5e037ffd07000000fc02000000e0e0020000040000002d01040004000000f001010007000000180480fd5f0330fd0e030a00000026060f000a00ffffffff0100000000000e00000026060f001200ffffffff000008000000140330fd69038efd07000000fc02000080ffff020000040000002d01010004000000f00104000700000018048ffd6a0330fd14030a00000026060f000a00ffffffff0100000000000e00000026060f001200ffffffff0000080000002d0338fd640370fd07000000fc020000c0ffff020000040000002d01040004000000f001010007000000180471fd650338fd2d030a00000026060f000a00ffffffff0100000000000e00000026060f001200ffffffff000008000000490345fd5c035bfd07000000fc020000ffffff020000040000002d01010004000000f00104000700000018045cfd5d0345fd49030a00000026060f000a00ffffffff0100000000000a00000026060f000a00ffffffff0100000000000e00000026060f001200ffffffff000008000000b3007bffd3009cff0e00000026060f001200ffffffff0000080000005a0384fdd60300fe07000000fc02000080ffff020000040000002d01040004000000f001010007000000180401fed70384fd5a030a00000026060f000a00ffffffff0100000000000e00000026060f001200ffffffff0000080000006f038dfdcb03e6fd07000000fc02000000e0e0020000040000002d01010004000000f0010400070000001804e7fdcc038dfd6f030a00000026060f000a00ffffffff0100000000000e00000026060f001200ffffffff00000800000062038dfdc403f8fd07000000fc02000080ffff020000040000002d01040004000000f0010100070000001804f9fdc5038dfd62030a00000026060f000a00ffffffff0100000000000e00000026060f001200ffffffff000008000000670395fda703d6fd07000000fc020000c0ffff020000040000002d01010004000000f0010400070000001804d7fda80395fd67030a00000026060f000a00ffffffff0100000000000e00000026060f001200ffffffff0000080000007003a5fd8603bdfd07000000fc020000ffffff020000040000002d01040004000000f0010100070000001804befd8703a5fd70030a00000026060f000a00ffffffff0100000000000a00000026060f000a00ffffffff0100000000000e00000026060f001200ffffffff000008000000dd006ffff50089ff0e00000026060f001200ffffffff000008000000250449fd7b04a5fd07000000fc02000080ffff020000040000002d01010004000000f0010400070000001804a6fd7c0449fd25040a00000026060f000a00ffffffff0100000000000e00000026060f001200ffffffff0000080000002c044ffd6d0493fd07000000fc02000000e0e0020000040000002d01040004000000f001010007000000180494fd6e044ffd2c040a00000026060f000a00ffffffff0100000000000e00000026060f001200ffffffff000008000000320450fd7604a0fd07000000fc02000080ffff020000040000002d01010004000000f0010400070000001804a1fd770450fd32040a00000026060f000a00ffffffff0100000000000e00000026060f001200ffffffff000008000000440455fd720487fd07000000fc020000c0ffff020000040000002d01040004000000f001010007000000180488fd730455fd44040a00000026060f000a00ffffffff0100000000000e00000026060f001200ffffffff0000080000005c0461fd6b0474fd07000000fc020000ffffff020000040000002d01010004000000f001040007000000180475fd6c0461fd5c040a00000026060f000a00ffffffff0100000000000a00000026060f000a00ffffffff0100000000000e00000026060f001200ffffffff000008000000f300b2ff1001d1ff0e00000026060f001200ffffffff00000800000090048afefd0400ff07000000fc02000080ffff020000040000002d01040004000000f001010007000000180401fffe048afe90040a00000026060f000a00ffffffff0100000000000e00000026060f001200ffffffff000008000000a20492fef304e9fe07000000fc02000000e0e0020000040000002d01010004000000f0010400070000001804eafef40492fea2040a00000026060f000a00ffffffff0100000000000e00000026060f001200ffffffff000008000000960492feed04f9fe07000000fc02000080ffff020000040000002d01040004000000f0010100070000001804fafeee0492fe96040a00000026060f000a00ffffffff0100000000000e00000026060f001200ffffffff0000080000009c049afed304d9fe07000000fc020000c0ffff020000040000002d01010004000000f0010400070000001804dafed4049afe9c040a00000026060f000a00ffffffff0100000000000e00000026060f001200ffffffff000008000000a404aafeb604c1fe07000000fc020000ffffff020000040000002d01040004000000f0010100070000001804c2feb704aafea4040a00000026060f000a00ffffffff0100000000000a00000026060f000a00ffffffff0100000000000e00000026060f001200ffffffff000008000000c40098ffe300b6ff0e00000026060f001200ffffffff000008000000ab030cfe24047ffe07000000fc02000080ffff020000040000002d01010004000000f001040007000000180480fe25040cfeab030a00000026060f000a00ffffffff0100000000000e00000026060f001200ffffffff000008000000b40314fe0f0468fe07000000fc02000000e0e0020000040000002d01040004000000f001010007000000180469fe100414feb4030a00000026060f000a00ffffffff0100000000000e00000026060f001200ffffffff000008000000bc0314fe1c0478fe07000000fc02000080ffff020000040000002d01010004000000f001040007000000180479fe1d0414febc030a00000026060f000a00ffffffff0100000000000e00000026060f001200ffffffff000008000000d8031cfe17045afe07000000fc020000c0ffff020000040000002d01040004000000f00101000700000018045bfe18041cfed8030a00000026060f000a00ffffffff0100000000000e00000026060f001200ffffffff000008000000f70329fe0d0443fe07000000fc020000ffffff020000040000002d01010004000000f001040007000000180444fe0e0429fef7030a00000026060f000a00ffffffff0100000000000a00000026060f000a00ffffffff0100000000000e00000026060f001200ffffffff000008000000a200a1ffbf00beff0e00000026060f001200ffffffff0000080000000a0339fe7503a5fe07000000fc02000080ffff020000040000002d01040004000000f0010100070000001804a6fe760339fe0a030a00000026060f000a00ffffffff0100000000000e00000026060f001200ffffffff000008000000140341fe640390fe07000000fc02000000e0e0020000040000002d01010004000000f001040007000000180491fe650341fe14030a00000026060f000a00ffffffff0100000000000e00000026060f001200ffffffff000008000000190343fe6e039ffe07000000fc02000080ffff020000040000002d01040004000000f0010100070000001804a0fe6f0343fe19030a00000026060f000a00ffffffff0100000000000e00000026060f001200ffffffff000008000000320349fe690382fe07000000fc020000c0ffff020000040000002d01010004000000f001040007000000180483fe6a0349fe32030a00000026060f000a00ffffffff0100000000000e00000026060f001200ffffffff0000080000004e0356fe61036efe07000000fc020000ffffff020000040000002d01040004000000f00101000700000018046ffe620356fe4e030a00000026060f000a00ffffffff0100000000000a00000026060f000a00ffffffff0100000000000e00000026060f001200ffffffff000008000000b600adffd600cdff0e00000026060f001200ffffffff0000080000006a0370fee603ecfe07000000fc02000080ffff020000040000002d01010004000000f0010400070000001804edfee70370fe6a030a00000026060f000a00ffffffff0100000000000e00000026060f001200ffffffff0000080000007f0379fedb03d2fe07000000fc02000000e0e0020000040000002d01040004000000f0010100070000001804d3fedc0379fe7f030a00000026060f000a00ffffffff0100000000000e00000026060f001200ffffffff000008000000720379fed403e4fe07000000fc02000080ffff020000040000002d01010004000000f0010400070000001804e5fed50379fe72030a00000026060f000a00ffffffff0100000000000e00000026060f001200ffffffff000008000000770381feb703c3fe07000000fc020000c0ffff020000040000002d01040004000000f0010100070000001804c4feb80381fe77030a00000026060f000a00ffffffff0100000000000e00000026060f001200ffffffff000008000000800391fe9603a9fe07000000fc020000ffffff020000040000002d01010004000000f0010400070000001804aafe970391fe80030a00000026060f000a00ffffffff0100000000000a00000026060f000a00ffffffff0100000000000e00000026060f001200ffffffff000008000000e000a0fff900baff0e00000026060f001200ffffffff000008000000340434fe8b0490fe07000000fc02000080ffff020000040000002d01040004000000f001010007000000180491fe8c0434fe34040a00000026060f000a00ffffffff0100000000000e00000026060f001200ffffffff0000080000003c043bfe7d047ffe07000000fc02000000e0e0020000040000002d01010004000000f001040007000000180480fe7e043bfe3c040a00000026060f000a00ffffffff0100000000000e00000026060f001200ffffffff00000800000042043cfe86048bfe07000000fc02000080ffff020000040000002d01040004000000f00101000700000018048cfe87043cfe42040a00000026060f000a00ffffffff0100000000000e00000026060f001200ffffffff000008000000540441fe820473fe07000000fc020000c0ffff020000040000002d01010004000000f001040007000000180474fe830441fe54040a00000026060f000a00ffffffff0100000000000e00000026060f001200ffffffff0000080000006c044dfe7b0460fe07000000fc020000ffffff020000040000002d01040004000000f001010007000000180461fe7c044dfe6c040a00000026060f000a00ffffffff0100000000000a00000026060f000a00ffffffff0100000000000a00000026060f000a00ffffffff0100000000000a00000026060f000a00ffffffff0100000000000e00000026060f001200ffffffff000008000000c6fef1ff78008a010e00000026060f001200ffffffff000008000000a0fac401fffe000607000000fc02000000a000020000040000002d01010004000000f001040009000000fa02060008000000000000022200040000002d01040004000000f00103000700000018040006fffec401a0fa050000001402000000000a00000026060f000a00ffffffff0100000000000e00000026060f001200ffffffff000008000000dbfcae0206ffba0407000000fc020000008000020000040000002d01030004000000f0010100040000002d0102001600000024030900b5fdba043efe7304aefedc0306fffc0253feae0209fe0b03bdfd4a0364fd7403dbfca1030a00000026060f000a00ffffffff0100000000000e00000026060f001200ffffffff000008000000c2fd5603d7fe3f0507000000fc020000006000020000040000002d01010004000000f00103001800000024030a00d7fe020496fea40466fef6042efe3f05d7fde204c2fd87041ffe42044efe0e047ffec603c1fe56030a00000026060f000a00ffffffff0100000000000e00000026060f001200ffffffff00000800000049fecaff0902f70207000000fc02000000a000020000040000002d01030004000000f001010009000000fa02060008000000000000022200040000002d01010004000000f00104001400000024030800c700d3ff49fe830181ffef02f00114010102d200f1017b00aa0115001c01caff0a00000026060f000a00ffffffff0100000000000e00000026060f001200ffffffff0000080000002eff5900ff01d50207000000fc020000006000020000040000002d01040004000000f0010300040000002d0102000e00000024030500f601e30053ffd5022eff3802e0015900ff01ad000a00000026060f000a00ffffffff0100000000000e00000026060f001200ffffffff000008000000b5feffffdd01380207000000fc020000008000020000040000002d01030004000000f00104000e000000240305002eff3802dd015e00be0125008c01ffffb5fed8010a00000026060f000a00ffffffff0100000000000e00000026060f001200ffffffff000008000000b000b9ff21022b0107000000fc020000006000020000040000002d01040004000000f001030009000000fa02060008000000000000022200040000002d01030004000000f00101006800000024033200cb00baffe100b9fffe00b9ff1d01bbff3c01c0ff5401caff6d01d3ff8401dfff9b01ecffb2010000c0010d00d0011d00e2013300f1014d00ff01620007027500100292001702aa001902c3001902d8001902ee00150201010f02140104021f01f8012301eb012301ec010f01ef01f500ef01de00eb01c400e801ae00e2019500dc018100d3016c00c6015400ba014200ab01300097011d0089011100760105006001f9ff4b01f0ff3101e4ff1701defffc00dbffe100d8ffc300dcffb000dfffb200cfffbb00c3ff0a00000026060f000a00ffffffff0100000000000e00000026060f001200ffffffff000008000000c8ff5e003701d201040000002d01020009000000fa02060008000000000000022200040000002d01010004000000f00103003e00000024031d00330068006c0079009e009300c300ad00e800d3000301f70016011f01250148012c016f012f0196012b01b2011f01c2011301ca010601ca0106019601fe006a01f0004001db001901c200f400a000d2007c00b6004d009d0013008900edff8200c8ff7f00cdff7100d6ff6500edff5e0005005e000a00000026060f000a00ffffffff0100000000000e00000026060f001200ffffffff00000800000098fc850193ff8b0407000000fc020000800080020000040000002d01030004000000f0010400040000002d01020009000000fa02060008000000000000022200040000002d01040004000000f0010100460000002403210094fe9d01b5fea801defec00104ffda012efffd0145ff18025cff44026bff650278ff890281ffb0028bffef025cff340345ff69032bffa60316ffe803defe8304c9fe1204b4fec7039bfe89037cfe49034efe010318feb802ddfd7d029dfd4c0258fd220204fdf50198fcc80127fdba017afdb001d0fda5010efe990149fe85016bfe8d010a00000026060f000a00ffffffff0100000000000e00000026060f001200ffffffff0000080000001cfa400242fe4707040000002d01020009000000fa02060008000000000000022200040000002d01010004000000f00104001e00000024030d0071fb40021cfa57031cfa3f07d1fb3f073afe730524fe220503fecc04cbfd66047dfdf7031dfd8a03b1fc180344fcbb02d2fb6d020a00000026060f000a00ffffffff0100000000000e00000026060f001200ffffffff000008000000abffd000bfffe5000e00000026060f001200ffffffff0000080000006afee903a1fe2f0407000000fc020000004000020000040000002d01040004000000f0010300040000002d0102000700000018043004a2fee9036afe0a00000026060f000a00ffffffff0100000000000e00000026060f001200ffffffff0000080000006efee403a8fe2a0407000000fc02000000c000020000040000002d01030004000000f00104000700000018042b04a9fee4036efe0a00000026060f000a00ffffffff0100000000000e00000026060f001200ffffffff00000800000080fee90399fe0b0407000000fc02000040ff40020000040000002d01040004000000f00103000700000018040c049afee90380fe0a00000026060f000a00ffffffff0100000000000a00000026060f000a00ffffffff0100000000000e00000026060f001200ffffffff00000800000085ffc80098ffde000e00000026060f001200ffffffff000008000000b3fdc403e9fd0a0407000000fc020000004000020000040000002d01030004000000f00104000700000018040b04eafdc403b3fd0a00000026060f000a00ffffffff0100000000000e00000026060f001200ffffffff000008000000b4fdbf03eefd050407000000fc02000000c000020000040000002d01040004000000f00103000700000018040604effdbf03b4fd0a00000026060f000a00ffffffff0100000000000e00000026060f001200ffffffff000008000000c7fdc403e1fde60307000000fc02000040ff40020000040000002d01030004000000f0010400070000001804e703e2fdc403c7fd0a00000026060f000a00ffffffff0100000000000a00000026060f000a00ffffffff0100000000000e00000026060f001200ffffffff00000800000096ffe200a6fff3000e00000026060f001200ffffffff00000800000005fe40042efe700407000000fc020000004000020000040000002d01040004000000f001030007000000180471042ffe400405fe0a00000026060f000a00ffffffff0100000000000e00000026060f001200ffffffff00000800000007fe3c0432fe6d0407000000fc02000000c000020000040000002d01030004000000f00104000700000018046e0433fe3c0407fe0a00000026060f000a00ffffffff0100000000000e00000026060f001200ffffffff00000800000014fe400428fe580407000000fc02000040ff40020000040000002d01040004000000f0010300070000001804590429fe400414fe0a00000026060f000a00ffffffff0100000000000a00000026060f000a00ffffffff0100000000000e00000026060f001200ffffffff000008000000b7ffe800c2fff7000e00000026060f001200ffffffff000008000000a2fe5d04b7fe840407000000fc020000004000020000040000002d01030004000000f00104000700000018048504b8fe5d04a2fe0a00000026060f000a00ffffffff0100000000000e00000026060f001200ffffffff000008000000a2fe5a04b9fe810407000000fc02000000c000020000040000002d01040004000000f00103000700000018048204bafe5a04a2fe0a00000026060f000a00ffffffff0100000000000e00000026060f001200ffffffff000008000000a8fe5d04b3fe710407000000fc02000040ff40020000040000002d01030004000000f00104000700000018047204b4fe5d04a8fe0a00000026060f000a00ffffffff0100000000000a00000026060f000a00ffffffff0100000000000e00000026060f001200ffffffff000008000000a9ffb900b4ffc8000e00000026060f001200ffffffff0000080000005dfe7b0373fea20307000000fc020000004000020000040000002d01040004000000f0010300070000001804a30374fe7b035dfe0a00000026060f000a00ffffffff0100000000000e00000026060f001200ffffffff0000080000005dfe7a0375fea00307000000fc02000000c000020000040000002d01030004000000f0010400070000001804a10376fe7a035dfe0a00000026060f000a00ffffffff0100000000000e00000026060f001200ffffffff00000800000065fe7b0370fe900307000000fc02000040ff40020000040000002d01040004000000f0010300070000001804910371fe7b0365fe0a00000026060f000a00ffffffff0100000000000a00000026060f000a00ffffffff0100000000000e00000026060f001200ffffffff0000080000001a004e002d0064000e00000026060f001200ffffffff0000080000007c007b01b300c00107000000fc020000004000020000040000002d01030004000000f0010400070000001804c101b4007b017c000a00000026060f000a00ffffffff0100000000000e00000026060f001200ffffffff0000080000007f007601b800bc0107000000fc02000000c000020000040000002d01040004000000f0010300070000001804bd01b90076017f000a00000026060f000a00ffffffff0100000000000e00000026060f001200ffffffff00000800000091007b01ab009d0107000000fc02000040ff40020000040000002d01030004000000f00104000700000018049e01ac007b0191000a00000026060f000a00ffffffff0100000000000a00000026060f000a00ffffffff0100000000000e00000026060f001200ffffffff000008000000e3ff6100f6ff77000e00000026060f001200ffffffff00000800000077ffd801aeff1d0207000000fc020000004000020000040000002d01040004000000f00103000700000018041e02afffd80177ff0a00000026060f000a00ffffffff0100000000000e00000026060f001200ffffffff00000800000078ffd301b3ff190207000000fc02000000c000020000040000002d01030004000000f00104000700000018041a02b4ffd30178ff0a00000026060f000a00ffffffff0100000000000e00000026060f001200ffffffff0000080000008bffd801a5fffa0107000000fc02000040ff40020000040000002d01040004000000f0010300070000001804fb01a6ffd8018bff0a00000026060f000a00ffffffff0100000000000a00000026060f000a00ffffffff0100000000000e00000026060f001200ffffffff00000800000005006000140071000e00000026060f001200ffffffff0000080000001700d2013e00020207000000fc020000004000020000040000002d01030004000000f001040007000000180403023f00d20117000a00000026060f000a00ffffffff0100000000000e00000026060f001200ffffffff0000080000001700ce014200ff0107000000fc02000000c000020000040000002d01040004000000f001030007000000180400024300ce0117000a00000026060f000a00ffffffff0100000000000e00000026060f001200ffffffff0000080000002600d2013900ea0107000000fc02000040ff40020000040000002d01030004000000f0010400070000001804eb013a00d20126000a00000026060f000a00ffffffff0100000000000a00000026060f000a00ffffffff0100000000000e00000026060f001200ffffffff000008000000eeff7800faff87000e00000026060f001200ffffffff000008000000acff4402c0ff6b0207000000fc020000004000020000040000002d01040004000000f00103000700000018046c02c1ff4402acff0a00000026060f000a00ffffffff0100000000000e00000026060f001200ffffffff000008000000acff4102c3ff680207000000fc02000000c000020000040000002d01030004000000f00104000700000018046902c4ff4102acff0a00000026060f000a00ffffffff0100000000000e00000026060f001200ffffffff000008000000b2ff4402beff570207000000fc02000040ff40020000040000002d01040004000000f00103000700000018045802bfff4402b2ff0a00000026060f000a00ffffffff0100000000000a00000026060f000a00ffffffff0100000000000e00000026060f001200ffffffff00000800000017003800220047000e00000026060f001200ffffffff0000080000006f000f018400340107000000fc020000004000020000040000002d01030004000000f0010400070000001804350185000f016f000a00000026060f000a00ffffffff0100000000000e00000026060f001200ffffffff0000080000006f000c018600330107000000fc02000000c000020000040000002d01040004000000f0010300070000001804340187000c016f000a00000026060f000a00ffffffff0100000000000e00000026060f001200ffffffff00000800000075000f018100220107000000fc02000040ff40020000040000002d01030004000000f0010400070000001804230182000f0175000a00000026060f000a00ffffffff0100000000000a00000026060f000a00ffffffff0100000000000e00000026060f001200ffffffff00000800000051001c00640032000e00000026060f001200ffffffff00000800000086018b00bd01d00007000000fc020000004000020000040000002d01040004000000f0010300070000001804d100be018b0086010a00000026060f000a00ffffffff0100000000000e00000026060f001200ffffffff00000800000089018600c201ca0007000000fc02000000c000020000040000002d01030004000000f0010400070000001804cb00c301860089010a00000026060f000a00ffffffff0100000000000e00000026060f001200ffffffff0000080000009b018b00b501ad0007000000fc02000040ff40020000040000002d01040004000000f0010300070000001804ae00b6018b009b010a00000026060f000a00ffffffff0100000000000a00000026060f000a00ffffffff0100000000000e00000026060f001200ffffffff00000800000055ff8a006cff9d000e00000026060f001200ffffffff000008000000cbfc9a0213fdd40207000000fc020000004000020000040000002d01030004000000f0010400070000001804d50214fd9a02cbfc0a00000026060f000a00ffffffff0100000000000e00000026060f001200ffffffff000008000000cefc96021bfdd00207000000fc02000000c000020000040000002d01040004000000f0010300070000001804d1021cfd9602cefc0a00000026060f000a00ffffffff0100000000000e00000026060f001200ffffffff000008000000e7fc9a0209fdb60207000000fc02000040ff40020000040000002d01030004000000f0010400070000001804b7020afd9a02e7fc0a00000026060f000a00ffffffff0100000000000a00000026060f000a00ffffffff0100000000000e00000026060f001200ffffffff0000080000003eff660050ff76000e00000026060f001200ffffffff0000080000005ffcef018efc190207000000fc020000004000020000040000002d01040004000000f00103000700000018041a028ffcef015ffc0a00000026060f000a00ffffffff0100000000000e00000026060f001200ffffffff00000800000061fceb0193fc160207000000fc02000000c000020000040000002d01030004000000f0010400070000001804170294fceb0161fc0a00000026060f000a00ffffffff0100000000000e00000026060f001200ffffffff00000800000071fcef0187fc030207000000fc02000040ff40020000040000002d01040004000000f0010300070000001804040288fcef0171fc0a00000026060f000a00ffffffff0100000000000a00000026060f000a00ffffffff0100000000000e00000026060f001200ffffffff000008000000f6ff2300070033000e00000026060f001200ffffffff000008000000d1ffad00fdffd50007000000fc020000004000020000040000002d01030004000000f0010400070000001804d600feffad00d1ff0a00000026060f000a00ffffffff0100000000000e00000026060f001200ffffffff000008000000d4ffaa000300d20007000000fc02000000c000020000040000002d01040004000000f0010300070000001804d3000400aa00d4ff0a00000026060f000a00ffffffff0100000000000e00000026060f001200ffffffff000008000000e2ffad00f7ffc10007000000fc02000040ff40020000040000002d01030004000000f0010400070000001804c200f8ffad00e2ff0a00000026060f000a00ffffffff0100000000000a00000026060f000a00ffffffff0100000000000e00000026060f001200ffffffff0000080000009efe200281ff100407000000fc020000400040020000040000002d01040004000000f00103003400000024031800ccfe1004c3feef03b9fed103b0feb503a9fea0039efe84039efe4a03dffeb8022cff400242ff200250ff34025aff480262ff5a026dff6d0275ff89027aff9d0281ffb3026cffd40256fff8023fff190327ff4d0312ff7c03f7feb503e3fee2030a00000026060f000a00ffffffff0100000000000e00000026060f001200ffffffff00000800000031fec60148ff8c0307000000fc020000600060020000040000002d01030004000000f00104003000000024031600dafec601befee8019dfe0f0285fe2e026afe570252fe900231fed40259fe090374fe34038bfe5c03a1fe8c03b6fe5903cafe1c03e2fee002fbfea70218ff7a0230ff520248ff29023dff17022dff030218ffef01fefedc010a00000026060f000a00ffffffff0100000000000e00000026060f001200ffffffff00000800000041fa7d042afe3c0707000000fc020000400040020000040000002d01040004000000f00103001a00000024030b002afe420523fe28051afe0d050efef30405fed704f5fdba04e9fda304ddfd8c04d2fd7d0441fa3c0794fb3c070a00000026060f000a00ffffffff0100000000000e00000026060f001200ffffffff00000800000022fa9303d4fd3c0707000000fc020000600060020000040000002d01030004000000f00104002000000024030e0022fa3c0745fa3c07d4fd8004c4fd6204b4fd4a049ffd2e048bfd110478fdf70362fddd034ffdc8033dfdb3032bfda2031ffd930322faf4050a00000026060f000a00ffffffff0100000000000e00000026060f001200ffffffff00000800000084ff0a0198ff21010e00000026060f001200ffffffff000008000000aefd0205e9fd4d0507000000fc020000200020020000040000002d01040004000000f00103000700000018044e05eafd0205aefd0a00000026060f000a00ffffffff0100000000000e00000026060f001200ffffffff000008000000affdfd04eefd480507000000fc020000a000a0020000040000002d01030004000000f00104000700000018044905effdfd04affd0a00000026060f000a00ffffffff0100000000000e00000026060f001200ffffffff000008000000c3fd0205dffd280507000000fc020000ff00ff020000040000002d01040004000000f00103000700000018042905e0fd0205c3fd0a00000026060f000a00ffffffff0100000000000a00000026060f000a00ffffffff0100000000000e00000026060f001200ffffffff0000080000005cff09016eff1d010e00000026060f001200ffffffff000008000000effcfd041ffd380507000000fc020000200020020000040000002d01030004000000f0010400070000001804390520fdfd04effc0a00000026060f000a00ffffffff0100000000000e00000026060f001200ffffffff000008000000f0fcf90423fd340507000000fc020000a000a0020000040000002d01040004000000f0010300070000001804350524fdf904f0fc0a00000026060f000a00ffffffff0100000000000e00000026060f001200ffffffff00000800000002fdfd0417fd1b0507000000fc020000ff00ff020000040000002d01030004000000f00104000700000018041c0518fdfd0402fd0a00000026060f000a00ffffffff0100000000000a00000026060f000a00ffffffff0100000000000e00000026060f001200ffffffff0000080000007ffff3008eff02010e00000026060f001200ffffffff00000800000097fd9004bdfdba0407000000fc020000200020020000040000002d01040004000000f0010300070000001804bb04befd900497fd0a00000026060f000a00ffffffff0100000000000e00000026060f001200ffffffff00000800000099fd8e04c0fdb80407000000fc020000a000a0020000040000002d01030004000000f0010400070000001804b904c1fd8e0499fd0a00000026060f000a00ffffffff0100000000000e00000026060f001200ffffffff000008000000a4fd9004b8fda60407000000fc020000ff00ff020000040000002d01040004000000f0010300070000001804a704b9fd9004a4fd0a00000026060f000a00ffffffff0100000000000a00000026060f000a00ffffffff0100000000000e00000026060f001200ffffffff00000800000075ff2b0186ff42010e00000026060f001200ffffffff00000800000064fda00594fdea0507000000fc020000200020020000040000002d01030004000000f0010400070000001804eb0595fda00564fd0a00000026060f000a00ffffffff0100000000000e00000026060f001200ffffffff00000800000064fd9b0598fde50507000000fc020000a000a0020000040000002d01040004000000f0010300070000001804e60599fd9b0564fd0a00000026060f000a00ffffffff0100000000000e00000026060f001200ffffffff00000800000075fda0058cfdc50507000000fc020000ff00ff020000040000002d01030004000000f0010400070000001804c6058dfda00575fd0a00000026060f000a00ffffffff0100000000000a00000026060f000a00ffffffff0100000000000e00000026060f001200ffffffff0000080000002efffc0046ff14010e00000026060f001200ffffffff0000080000000ffcc2045ffc0f0507000000fc020000200020020000040000002d01040004000000f0010300070000001804100560fcc2040ffc0a00000026060f000a00ffffffff0100000000000e00000026060f001200ffffffff00000800000010fcbb0465fc0a0507000000fc020000a000a0020000040000002d01030004000000f00104000700000018040b0566fcbb0410fc0a00000026060f000a00ffffffff0100000000000e00000026060f001200ffffffff0000080000002cfcc20452fce90407000000fc020000ff00ff020000040000002d01040004000000f0010300070000001804ea0453fcc2042cfc0a00000026060f000a00ffffffff0100000000000a00000026060f000a00ffffffff0100000000000e00000026060f001200ffffffff00000800000040ffcf0052ffe2000e00000026060f001200ffffffff00000800000065fce4039afc1f0407000000fc020000200020020000040000002d01030004000000f001040007000000180420049bfce40365fc0a00000026060f000a00ffffffff0100000000000e00000026060f001200ffffffff00000800000067fce0039efc1b0407000000fc020000a000a0020000040000002d01040004000000f00103000700000018041c049ffce00367fc0a00000026060f000a00ffffffff0100000000000e00000026060f001200ffffffff00000800000078fce40390fc020407000000fc020000ff00ff020000040000002d01030004000000f0010400070000001804030491fce40378fc0a00000026060f000a00ffffffff0100000000000a00000026060f000a00ffffffff0100000000000e00000026060f001200ffffffff00000800000013ff3f012cff56010e00000026060f001200ffffffff00000800000090fbfe05e4fb4b0607000000fc020000200020020000040000002d01040004000000f00103000700000018044c06e5fbfe0590fb0a00000026060f000a00ffffffff0100000000000e00000026060f001200ffffffff00000800000091fbf905e9fb450607000000fc020000a000a0020000040000002d01030004000000f00104000700000018044606eafbf90591fb0a00000026060f000a00ffffffff0100000000000e00000026060f001200ffffffff000008000000aefbfe05d5fb240607000000fc020000ff00ff020000040000002d01040004000000f00103000700000018042506d6fbfe05aefb0a00000026060f000a00ffffffff0100000000000a00000026060f000a00ffffffff0100000000000e00000026060f001200ffffffff000008000000c1ffba00d0ffce000e00000026060f001200ffffffff000008000000d0fe8203fafebd0307000000fc020000200020020000040000002d01030004000000f0010400070000001804be03fbfe8203d0fe0a00000026060f000a00ffffffff0100000000000e00000026060f001200ffffffff000008000000d1fe7e03fcfeb90307000000fc020000a000a0020000040000002d01040004000000f0010300070000001804ba03fdfe7e03d1fe0a00000026060f000a00ffffffff0100000000000e00000026060f001200ffffffff000008000000defe8203f2fe9e0307000000fc020000ff00ff020000040000002d01030004000000f00104000700000018049f03f3fe8203defe0a00000026060f000a00ffffffff0100000000000a00000026060f000a00ffffffff0100000000000e00000026060f001200ffffffff000008000000beff9d00d2ffb3000e00000026060f001200ffffffff000008000000c4fef50200ff3f0307000000fc020000200020020000040000002d01040004000000f0010300070000001804400301fff502c4fe0a00000026060f000a00ffffffff0100000000000e00000026060f001200ffffffff000008000000c5fef00204ff3b0307000000fc020000a000a0020000040000002d01030004000000f00104000700000018043c0305fff002c5fe0a00000026060f000a00ffffffff0100000000000e00000026060f001200ffffffff000008000000d9fef502f6fe1a0307000000fc020000ff00ff020000040000002d01040004000000f00103000700000018041b03f7fef502d9fe0a00000026060f000a00ffffffff0100000000000a00000026060f000a00ffffffff0100000000000e00000026060f001200ffffffff000008000000d2ff8700e2ff9a000e00000026060f001200ffffffff00000800000025ff8e024dffc40207000000fc020000200020020000040000002d01030004000000f0010400070000001804c5024eff8e0225ff0a00000026060f000a00ffffffff0100000000000e00000026060f001200ffffffff00000800000025ff8a0250ffc00207000000fc020000a000a0020000040000002d01040004000000f0010300070000001804c10251ff8a0225ff0a00000026060f000a00ffffffff0100000000000e00000026060f001200ffffffff00000800000032ff8e0245ffa90207000000fc020000ff00ff020000040000002d01030004000000f0010400070000001804aa0246ff8e0232ff0a00000026060f000a00ffffffff0100000000000a00000026060f000a00ffffffff0100000000000e00000026060f001200ffffffff000008000000b3ff6100c6ff70000e00000026060f001200ffffffff00000800000090fed301c9fefa0107000000fc020000200020020000040000002d01040004000000f0010300070000001804fb01cafed30190fe0a00000026060f000a00ffffffff0100000000000e00000026060f001200ffffffff00000800000092fed001cdfef70107000000fc020000a000a0020000040000002d01030004000000f0010400070000001804f801cefed00192fe0a00000026060f000a00ffffffff0100000000000e00000026060f001200ffffffff000008000000a4fed301bffee70107000000fc020000ff00ff020000040000002d01040004000000f0010300070000001804e801c0fed301a4fe0a00000026060f000a00ffffffff0100000000000a00000026060f000a00ffffffff0100000000000e00000026060f001200ffffffff00000800000079ff630090ff75000e00000026060f001200ffffffff00000800000076fddc01c2fd120207000000fc020000200020020000040000002d01030004000000f00104000700000018041302c3fddc0176fd0a00000026060f000a00ffffffff0100000000000e00000026060f001200ffffffff00000800000077fdda01c8fd0e0207000000fc020000a000a0020000040000002d01040004000000f00103000700000018040f02c9fdda0177fd0a00000026060f000a00ffffffff0100000000000e00000026060f001200ffffffff00000800000092fddc01b5fdf70107000000fc020000ff00ff020000040000002d01030004000000f0010400070000001804f801b6fddc0192fd0a00000026060f000a00ffffffff0100000000000a00000026060f000a00ffffffff0100000000000e00000026060f001200ffffffff00000800000004ff97001effad000e00000026060f001200ffffffff00000800000046fbd7029ffb200307000000fc020000200020020000040000002d01040004000000f00103000700000018042103a0fbd70246fb0a00000026060f000a00ffffffff0100000000000e00000026060f001200ffffffff00000800000047fbd302a6fb1b0307000000fc020000a000a0020000040000002d01030004000000f00104000700000018041c03a7fbd30247fb0a00000026060f000a00ffffffff0100000000000e00000026060f001200ffffffff00000800000065fbd7028ffbfb0207000000fc020000ff00ff020000040000002d01040004000000f0010300070000001804fc0290fbd70265fb0a00000026060f000a00ffffffff0100000000000a00000026060f000a00ffffffff0100000000000a00000026060f000a00ffffffff0100000000000a00000026060f000a00ffffffff0100000000000e00000026060f001200544e505004000800000000000000000000000a00000026060f000a00ffffffff010000000000040000002d01020007000000fc020100000000000000040000002d01030004000000f001010004000000f0010400040000002701ffff03000000000030ad05fe, 0.13799999999999998, '1996-04-15 08:25:21', '1996-04-15 08:25:27', 1);
INSERT INTO `tblcocktail` (`CocktailNr`, `Cocktail`, `Zubereitung`, `Bemerkung`, `GlasNr`, `GruppeNr`, `CocktailBild`, `Alkoholgehalt`, `CocktailErfaßt`, `CocktailGeändert`, `CocktailVersion`) VALUES
(127, 'Pina Colada', 'Füllen Sie ein Longdrinkglas zur Hälfte mit Eis. Mixen Sie alle Zutaten im Küchenmixer gut durch und füllen Sie damit die Gläser auf.\r\n\r\nEin Ananasstück einschneiden und an den Glasrand hängen. Mit einem Cocktailspieß eine Kirsche an die Ananas stecken.', 'Ein Hauch Karibik...', NULL, NULL, NULL, 0.136, '1996-04-15 08:25:21', '1996-04-15 08:25:27', 1),
(128, 'Baby Pina Colada', 'Füllen Sie ein Longdrinkglas zur Hälfte mit Eis. Mixen Sie alle Zutaten im Küchenmixer gut durch und füllen Sie damit die Gläser auf.\r\nEin Ananasstück einschneiden und an den Glasrand hängen. Mit einem Cocktailspieß eine Kirsche an die Ananas stecken.', 'Gut schmeckender alkoholfreier Drink.', NULL, 4, NULL, 0.03636363636363637, '1996-04-15 08:25:21', '1996-04-15 08:25:27', 1),
(129, 'Tequila Sunrise', 'Mit einigen Eiswürfeln alle Zutaten bis auf den Grenadinesirup im Shaker kräftig schütteln. Eiswürfel in großes Becherglas geben und den Drink durch ein Barsieb dazuschütten. Den Grenadinesirup vorsichtig dazugeben und mit einem Löffel langsam umrühren.', NULL, NULL, NULL, NULL, 0.1142857142857143, '1996-04-15 08:25:21', '1996-04-15 08:25:27', 1),
(130, 'Gin Tonic', 'Eiswürfel in ein Longdrinkglas geben, dann den Gin und das Tonic-Water dazufügen. Gut umrühren und mit einer Zitronenscheibe garnieren.', NULL, NULL, NULL, NULL, 0.1, '1996-04-15 08:25:21', '1996-04-15 08:25:27', 1),
(131, 'Irish Coffee', 'Ein Irish Coffee-Glas oder alternativ ein Glas mit Stiel in warmem Wasser vorwärmen.\r\n\r\nDas Wasser ausgießen und dann den Whiskey und den - möglichst braunen - Zucker sowie den heißen Kaffee in das Glas füllen. Den Zucker vorsichtig auflösen.\r\n\r\nMit Hilfe eines Löffels die angeschlagene Sahne als Haube auf den Drink setzen und sofort servieren.', 'Gut als Nachtischersatz.', NULL, NULL, NULL, 0.0761904761904762, '1996-04-15 08:25:21', '1996-04-15 08:25:27', 1),
(132, 'Gin Fizz', 'Die Zutaten zusammen mit einigen Eiswürfeln in einen Shaker geben und kräftig durchschütteln. Die Mischung durch ein Barsieb in ein Longdrinkglas schütten und nach Geschmack mit Sodawasser auffüllen.\r\n\r\nEine Zitronenscheiben anschneiden und an den Glasrand stecken.', NULL, NULL, 1, NULL, 0.10526315789473684, '1996-04-15 08:25:21', '1996-04-15 08:25:27', 1),
(133, 'Frozen Tequila', 'Die Zutaten mit einigen Löffeln gestoßenem Eis verrühren, dann in ein Cocktailglas gießen und mit Strohhalm sofort servieren.', NULL, NULL, NULL, NULL, 0.15000000000000002, '1996-04-15 08:25:21', '1996-04-15 08:25:27', 1),
(134, 'Coconut Dream', 'Eiswürfel mit der Cream of Coconut, der Sahne und dem Sirup in einem Shaker gut schütteln. Die Mischung durch ein Barsieb in ein Cocktailglas umgießen.\r\n\r\nMit Schokoraspeln bestreuen und servieren.', 'Alkoholfreier Cocktail', NULL, NULL, NULL, 0.09999999999999999, '1996-04-15 08:25:21', '1996-04-21 08:24:06', 1),
(135, 'Very Dry Martini', 'Die Eiswürfel ins Rührglas geben und den Vermouth darüber gießen.\r\nDen Vermouth wegschütten, die Eiswürfel bleiben im Glas.\r\nDen Gin zu den Eiswürfeln geben, kurz umrühren. Durch das Barsieb ins gefrostete Cocktailglas gießen.\r\nDie Olive auf einen Zahnstocher spießen und ins Glas legen.', 'Trockener gehts nicht!', NULL, NULL, NULL, 0.35714285714285715, '1996-04-15 08:25:21', '1996-04-15 08:25:27', 1),
(136, 'Cobacabana', 'Zutaten im Shaker gut schütteln. In ein großes Becherglas abseihen und mit gestoßenem Eis auffüllen.', NULL, NULL, NULL, NULL, 0.08333333333333333, '1996-04-15 08:25:21', '1996-04-21 08:24:06', 1),
(137, 'Alaska', 'Im Rührglas auf viel Eiswürfeln kräftig verrühren. Dann in vorgekühlte Cocktailschalen durch ein Barsieb abseihen.', NULL, 15, NULL, 0x151c3100020000000800150014001c00ffffffff436c6970417274004d535f436c69704172745f47616c6c6572792e32000105000002000000130000004d535f436c69704172745f47616c6c6572790000000000000000008e020000ffe0f505010128416c6c65204b617465676f7269656e2900433a5c4d534f66666963655c436c69706172745c5343484d4554542e574d46000000407b02007f16643e4f170000522a41003cca400020000000d00e00000100000220000000500e000048e46a00407b020001000000941bf67f387148000c0000000c0000007c0249002c00000034e46a00967bf7bf20e46a005c4d7d820c000000b0e86a007fdff9bff300000034e46a000c0000007c0249002c7540000002000010079e009c74400010079e0000020000b8e46a000002000064e46a0078e46a00f80941000002000001000000000000001128416c6c65204b617465676f7269656e291f433a5c4d534f66666963655c436c69706172745c5343484d4554542e574d460000000000000000000000000000000000000000000000000000000000000000000000000000000000000000000000000000000000000000000000000000000000000000000000000000000000000000000000000000000000000000000000000000000000000000000000000000000000000000000000000000000000000000000000000000000000000000000000000000000000000000000000000000000000000000000000000000000000000000000000000000000000000000000000000000000000000000000000000000000000000000000000000000000000000000000000000000000000000000000000000000000000000000000000000000000000000000000000000000000000000000000000000000000000000000000000000000000000000000000000000000000000000000000000000000000000000000000000000000000000000000000000000000000000000000000000000000000000000000000000000000000000000000000001050000050000000d0000004d45544146494c4550494354002114000084ecffff2e1e0000080021147c130000010009000003130f000005009601000000000400000003010800050000000b0253ffebfa050000000c02ff06d802050000000b0253ffebfa050000000c02ac07ed07050000000b02ff06ebfa050000000c0254f8ed0707000000fc020100000000020000040000002d01000009000000fa02000000000000000000022200040000002d0101000400000004010d0009000000fa02050000000000ffffff022200040000002d01020007000000fc020000000000020000040000002d0103000400000006010100560000002403290077fff9026aff22035dff51034fff830341ffb70331ffea031fff1a040cff4504f6fe6a04f3fe7004effe7504ebfe7904e7fe7d04e3fe7f04dffe7f04dbfe7e04d8fe7b04cffe8204c5fe8504bafe8404b0fe8004a7fe7a04a0fe70049cfe65049cfe57049efe5204a4fe4504aefe3104bafe1704c9fef903dafed703ecfeb403fffe900313ff6c0326ff4b0338ff2d0349ff140359ff010366fff50270fff20277fff90207000000fc020000ffffff020000040000002d01040004000000f0010300040000002d010200040000002d01020007000000fc020000000000020000040000002d0103000400000006010100760100002403b900a4fe480497fe510487fe5a0475fe62045ffe680448fe6e042efe740412fe7804f4fd7c04d5fd7f04b4fd810493fd830470fd85044dfd85042afd860406fd8604e2fc8504bffc84049efc84047dfc84045efc840441fc840424fc840409fc8304effb8204d7fb8004bffb7d04a8fb790493fb75047efb6f046bfb680459fb5f0447fb55042cfb41041efb30041bfb210422fb120431fb030445fbf3035efbe10379fbcc0389fbbf039cfbb003b2fb9f03cbfb8d03e7fb790304fc650323fc510344fc3d0366fc290388fc1703abfc0603cdfcf702f0fcea0211fde00232fdd90251fdd6025efdd4026efdd10281fdce0295fdce02a9fdd102bcfddb02cdfdeb02dafd0503d4fdd102ccfda802c6fd8602c3fd6602c4fd5802c7fd4e02ccfd4602d2fd4102d9fd3c02e1fd3702e8fd3102effd2a02f8fd2a0203fe280210fe26021efe22022bfe1c0236fe15023ffe0d0244fe030249fe00024ffefd0155fef7015afef0015ffee50162fed80163fec60161feb0015afe570153fece004efe47004ffef5ff50fed0ff4dfeb0ff48fe97ff43fe87ff40fe7aff40fe6cff46fe66ff54fe71ff62fe8eff6afeb5ff6dfedfff6bfe060069fe32006afe67006dfe9a0071fec20073fed10075fedf0078feeb007bfef6007ffeff0083fe06018afe0b0191fe0e0199fe0f01a0fe0d01a5fe0b01abfe0801affe0501b4fe0201b9fe0001bffeff00c5fe0001cafe0201cffe0501d3fe0801d7fe0b01dcfe0e01e0fe1001e5fe1101ebfe0f01f2fe0a01f9fe020102fffa000bfff20014ffeb001cffe70024ffe60030ffed0036fff90038ff0a0136ff1e0132ff33012fff47012cff59012cff670132ff7c013aff8a0144ff95014fff9d015bffa50166ffaf0170ffbc0179ffce017fffe70184ff060285ff2a0284ff50027fff780277ffa0026bffc8025bffed0251ffff0247ff13033cff270330ff3d0323ff530317ff69030aff8003fdfe9703f0feae03e3fec603d7fedd03cbfef303c0fe0904b6fe1f04acfe3404a4fe4804040000002d01040004000000f0010300040000002d010200040000002d01020007000000fc020000000000020000040000002d0103000400000006010100960100002403c900f6fe6a04f8fe7a04fdfe8b0405ff9e040fffb3041bffc80429ffdf043afff6044cff0f0560ff280574ff41058bff5b05a2ff7505baff8f05d2ffa905ebffc3050400dc051d00f50534000d064a0024065f003b0674005006880064069b007706ae008906c1009a06d300a906e500b706f700c4060a01ce061c01d8062f01df064301e5066401eb067a01e9068701e0068d01d1068d01bc068a01a30686018406830162067f0135067801fb056e01b6055f016c054c0121053301d80415019804f0006304e9005804e0004a04d4003a04c7002c04b6002004a20018048b0018046f00200485000f0499000104ab00f403bc00ea03cb00e003d900d603e600cd03f200c303fc00b9030101b0030301a70303019e030201960300018d03ff008403ff007a03f9007303f2006a03eb005e03e4005203df004403dc003703dc002b03e0002103de001c03dd001503dd000d03df000403e300fa02eb00ee02f700e1020801d3021401ca022401bd023701ad024d019a026601850280016f029a015802b6014102d1012902eb0112020402fc011a02e7012e02d4013f02c4014c02b7015502ae016202a0016f0294017c02890189028001940278019f027201a7026e01ad026b01b3026801b9026401bf025f01c3025a01c5025601c3025201bd024f01b1024f01a2025201920259018202620171026e0160027b0151028901420298013502a6012702b5011702c5010402d701f001e901dc01fa01c9010a02b8011802aa0123029e012c029201340287013b027d014002740143026b014502630144025c014002530135024f0129024d011e0247011502430111023e010f0238010d0233010c022d010b0228010a0224010802200105021d01f7011d01e1011b01ca011401ba010701b601f900ba01ec00c501df00d401d300e501c700f601bb000402b1000e029e0018028e001c027f001c0272001a0264001702550015024500160231001d02260023021a002a020e00320201003c02f4ff4702e6ff5302d9ff6102ccff6f02bfff7e02b2ff8e02a6ff9e029bffb00290ffc10287ffd4027effe60277fff9026aff22035dff51034fff830341ffb70331ffea031fff1a040cff4504f6fe6a04040000002d01040004000000f0010300040000002d010200040000002d01020007000000fc020000000000020000040000002d01030004000000060101005600000024032900cafe8304cefe9104d4fea404dbfeba04e5fed404f1fef004fffe0e050dff2e051eff4e052fff6e0542ff8d0555ffab0569ffc7057effe10593fff705a8ff0906beff1606c0ff1c06bfff2106beff2506baff2706b5ff2806afff2706a7ff23069eff1d0698ff17068fff0d0684fffe0577ffed0568ffd70558ffc00548ffa50537ff890526ff6a0515ff4b0505ff2a05f5fe0805e8fee704dcfec504d2fea404cafe8304040000002d01040004000000f0010300040000002d010200040000002d01020007000000fc020000000000020000040000002d01030004000000060101004600000024032100a1fe7004a2fe7e04a5fe9204aafea904b0fec404b7fee104c0fe0105cafe2205d5fe4405e2fe6605f0fe8805fefea8050effc7051fffe20531fffb0544ff100657ff200658ff260657ff2b0654ff2e0650ff31064bff310645ff2f063eff2a0636ff23062aff110616ffed05fffebd05e6fe8205cdfe4005b8fefa04a9feb404a1fe7004040000002d01040004000000f0010300040000002d010200040000002d01020007000000fc020000ff4c00020000040000002d01030004000000060101007600000024033900defbd303e5fbcf03f0fbcd03fcfbcc030bfccc0319fcce0328fcd10336fcd50343fcdb034afcde0352fce3035dfce80368fced0375fcf30382fcf90390fcff039efc0504acfc0c04bafc1104c6fc1704d2fc1c04dcfc2104e5fc2404ecfc2704f0fc2904fbfc3204fcfc3f04f5fc4c04ebfc5804e6fc5904e0fc5904d7fc5804cefc5604c4fc5304b9fc4f04adfc4a04a2fc46049dfc450495fc42048afc3e047dfc3a046efc35045efc2f044dfc29043bfc23042afc1d0418fc170408fc1104fafb0c04edfb0804e2fb0404dafb0104d6fb0004cdfbfa03cafbf103d0fbe403defbd303040000002d01040004000000f0010300040000002d010200040000002d01020007000000fc020000ff4c00020000040000002d010300040000000601010036000000240319008dfd66038afd600385fd54037dfd460375fd36036cfd260363fd17035bfd0c0355fd06035efd05036bfd030379fd000388fdfd0296fdfc02a2fdfb02acfdfd02b1fd0203b2fd0a03affd1703aafd2603a4fd36039dfd460396fd540390fd5f038dfd6603040000002d01040004000000f0010300040000002d010200040000002d01020007000000fc020000ff4c00020000040000002d010300040000000601010056000000240329002cfd650433fd5f043cfd550447fd490453fd3c045dfd2e0467fd22046dfd17046ffd0f047cfd0f048afd0f0498fd1004a6fd1004b3fd1004bffd1004cafd1004d3fd1004dffd1204effd150402fe190415fe1e0427fe230436fe280440fe2d0444fe310443fe340440fe37043bfe3a0433fe3e042afe43041ffe470411fe4b0401fe5004effd5404dafd5804c4fd5c04aafd5f048ffd620470fd64044ffd65042cfd6504040000002d01040004000000f0010300040000002d010200040000002d01020007000000fc020000ff4c00020000040000002d01030004000000060101003e00000024031d00e1fe2503e0fe1a03ddfe0803d8fef002d1fed602cafebb02c3fea102befe8c02bafe7d02bdfe7b02c3fe7a02c9fe7902d1fe7a02d8fe7b02defe7d02e3fe8002e5fe8402eafe8c02f2fe9502fbfea002fffeaf02fffebb02fdfeca02fbfedd02f8fef002f3fe0203eefe1203e8fe1e03e1fe2503040000002d01040004000000f0010300040000002d010200040000002d01020007000000fc020000ff4c00020000040000002d01030004000000060101007e00000024033d0039011e063701160631010d06290103061f01f9051401ef050701e705fa00df05ed00da05e600d705dd00d405d200d005c700cb05ba00c605ac00c1059e00bb059000b5058200b0057400aa056700a5055c00a00551009c0548009805420095053d009305350091052e009105290094052500990522009f052000a7051f00af051f00b7052100bb052600c0052c00c5053500ca053e00d0054900d5055400da055f00df056300e2056a00e6057400eb058100f1058e00f9059e000006ae000906bf001106cf001a06df002206ef002a06fd0031060901380613013d061a0141061e01430628014606310141063601340639011e06040000002d01040004000000f0010300040000002d010200040000002d01020007000000fc020000ff4c00020000040000002d010300040000000601010036000000240319005e009b0464009904700095048000900491008b04a3008604b4008204c1008004ca008004c4007904be006e04b6006204ae005604a5004b049d00410495003c048e003b048700400480004b0478005904710069046b00790465008804610094045e009b04040000002d01040004000000f0010300040000002d010200040000002d01020007000000fc020000ff4c00020000040000002d01030004000000060101004e00000024032500e9ff9005e9ff7a05ecff5905f1ff3805f8ff2505efff1c05e6ff1205dcff0805d3fffe04c9fff404c1ffec04b9ffe404b3ffdd04a9ffd6049cffcc048cffc2047cffb7046cffae045effa70453ffa3044dffa3044cffa5044cffaa044dffb0044fffb80452ffc10457ffcd045dffd90465ffe8046efff8047aff0a0587ff1d0596ff3105a7ff4705bbff5e05d1ff7605e9ff9005040000002d01040004000000f0010300040000002d010200040000002d01020007000000fc020000ff4c00020000040000002d01030004000000060101004600000024032100a2ff7803aaff7103baff6703cfff5a03e7ff4d03ffff3f0316003303290028033600200335001c03330017032e00120329000d03230009031e0006031800050314000603100007030b00080305000803ffff0703f8ff0803f1ff0903eaff0c03e3ff1103dbff1903d0ff2503c5ff3303b9ff4303afff5203a7ff6103a2ff6e03a2ff7803040000002d01040004000000f0010300040000002d010200040000002d01020007000000fc020000ffe500020000040000002d0103000400000006010100560000002403290098fc670496fc670490fc670487fc67047cfc67046efc67045efc66044dfc66043bfc660428fc650416fc640404fc6304f4fb6204e5fb6104d8fb6004cdfb5e04c6fb5c04b8fb5704adfb5104a3fb4c049cfb470497fb400493fb390492fb310493fb280496fb26049cfb2604a6fb2804b3fb2b04c3fb3004d5fb3504e8fb3b04fdfb420413fc490428fc4f043efc560453fc5b0467fc600479fc64048afc660498fc6704040000002d01040004000000f0010300040000002d010200040000002d01020007000000fc020000ffe500020000040000002d0103000400000006010100760000002403390046fdee0343fdf2033ffdf4033afdf50335fdf5032ffdf40328fdf2031ffdef0316fdec0310fde90307fde503fdfce003f1fcd903e4fcd103d6fcc903c8fcc003b9fcb803aafcaf039cfca6038ffc9e0382fc960377fc8f036efc8a0367fc860362fc830358fc7b0354fc720355fc69035afc63035dfc610361fc5f0365fc5e0369fc5c036dfc5a0372fc570378fc55037dfc520383fc4f038afc4b0391fc480399fc4503a1fc4403aafc4603b3fc4a03bcfc5303c8fc6003d9fc6f03ecfc810300fd920313fda30324fdb20331fdbc0339fdc20341fdca0348fdd7034afde30346fdee03040000002d01040004000000f0010300040000002d010200040000002d01020007000000fc020000ffe500020000040000002d01030004000000060101005e00000024032d005afed00259fec7025bfebe0260feb70267feb0026efea90276fea4027cfea10281fe9e0286feb9028cfed50292feef0298fe09039efe1f03a3fe3303a7fe4303a9fe4f03acfe6303aefe7803aefe8c03a9fe9b03a5fea003a2fea4039efea6039bfea60397fea40393fea0038efe990388fe900381fe830378fe73036dfe600362fe4c0356fe39034cfe280344fe1a033efe100337fe010335fef30237fee6023cfedc0242fed4024afecf0252fece025afed002040000002d01040004000000f0010300040000002d010200040000002d01020007000000fc020000ffe500020000040000002d01030004000000060101003600000024031900eafe8d03edfe7403f9fe55030cff300322ff080339ffdc024dffae025bff7e0261ff4f0267ff630268ff790266ff900261ffa80259ffc0024fffd90244fff20237ff0a032aff21031dff380310ff4c0304ff5f03fafe6f03f2fe7c03ecfe8603eafe8d03040000002d01040004000000f0010300040000002d010200040000002d01020007000000fc020000ffe500020000040000002d010300040000000601010046000000240321004d00fe055300030661001206760027068f004006a9005a06c2007106d8008306e7008e06f4009406000198060a019c0613019d061b019d0622019b06290196062f018f062f018c062a0187062201810617017a0608017106f8006806e6005e06d3005406c0004906ac003e06980033068600280674001c0665001206570008064d00fe05040000002d01040004000000f0010300040000002d010200040000002d01020007000000fc020000ffe500020000040000002d01030004000000060101008e000000240345002d002c052c0031052d0035052f00390533003d05380041053f0044054700480550004d05560050055f0053056a00560577005a0585005f0595006305a5006705b6006c05c6007005d6007505e5007905f3007c05000180050a01830512018505170187051e018905240189052a0188052e0185053101820534017e0534017b053401770532016f052f0167052c015d052801520526014b052401440522013c051e01350519012e051201290509012505fc002405f4002405eb002405e0002405d4002305c7002205ba002205ad002105a0001f0592001e0586001d057a001c056f001b05660019055e0019055900180555001705500016054a001705430018053d001b0536001e05320022052e0027052d002c05040000002d01040004000000f0010300040000002d010200040000002d01020007000000fc020000ffe500020000040000002d01030004000000060101005e00000024032d003d009f03490092034c007f0349006d03460060032f006f0317007e0300008c03eaff9903d5ffa503c3ffaf03b5ffb803abffbe03a3ffc3039affc90391ffd00389ffd60382ffdd037bffe40377ffeb0374fff20373fff80372fffd0373ff010476ff04047aff060480ff060488ff050492ff0204a0fffe03b2fffa03c7fff503deffef03f4ffea030700e5031700e2032200df033200d9033d00d1034500c7034900bd034a00b3034800aa034400a3033d009f03040000002d01040004000000f0010300040000002d010200040000002d01020007000000fc020000ffe500020000040000002d0103000400000006010100260000002403110051ffb90361ffa5036fff87037dff60038bff34039bff0503afffd702c7ffac02e5ff8702c2ff9f02a5ffc5028dfff4027aff27036bff590360ff860357ffa70351ffb903040000002d01040004000000f0010300040000002d010200040000002d01020007000000fc020000ffffff020000040000002d010300040000000601010056000000240329004ffeb80348feb1033ffea80335fe9e032bfe940321fe89031afe7f0314fe780311fe72030bfe6e0305fe6703fefd5f03f7fd5703f0fd4e03eafd4603e5fd4003e1fd3c03dcfd3603d9fd2e03d9fd2703dcfd2003e0fd1c03e5fd1a03ebfd1d03f2fd2603f8fd3103fefd3a0303fe430307fe4a030bfe51030efe570312fe5d0315fe62031afe690320fe730328fe7e0331fe8c033afe990343fea5034afeb0034ffeb803040000002d01040004000000f0010300040000002d010200040000002d01020007000000fc020000ffffff020000040000002d0103000400000006010100360000002403190005febf02fefdc302f8fdc402f4fdc202f0fdbe02edfdb802ebfdb202e8fdaa02e5fda302e0fd9202defd8002dffd7102e4fd6902ecfd6602f2fd6602f7fd6702fcfd6b02fffd700202fe760205fe7e0207fe87020bfe98020efea8020dfeb50205febf02040000002d01040004000000f0010300040000002d010200040000002d01020007000000fc020000ffffff020000040000002d01030004000000060101003e00000024031d0014fe890212fe830210fe7c020dfe74020cfe6c020cfe65020ffe5e0216fe580221fe53022dfe500237fe4f023ffe4f0245fe510249fe54024cfe58024efe5c024ffe61024efe6e024bfe7d0243fe8b0238fe960232fe9a022cfe9d0226fea00222fea1021dfea0021afe9c0217fe940214fe8902040000002d01040004000000f0010300040000002d010200040000002d01020007000000fc020000ffffff020000040000002d01030004000000060101002e000000240315005cfe63025cfe5d025afe560257fe500253fe490259fe480260fe460267fe45026ffe430275fe42027bfe42027ffe430281fe460281fe4a027efe4d027afe510274fe55026efe580267fe5c0261fe5f025cfe6302040000002d01040004000000f0010300040000002d010200040000002d01020007000000fc020000ffffff020000040000002d010300040000000601010056000000240329009dff4704a7ff4804b4ff4804c2ff4804d0ff4804deff4704eaff4604f4ff4504faff4304010045040a00450415004404200044042b004204350041043d004104420041044a00410451003d04570038045a0032045b002b045800270451002404460025043a0028042f002b0426002d041d003004160031040f0033040900340403003504fbff3604efff3904e1ff3b04d1ff3e04c1ff4004b3ff4304a6ff45049dff4704040000002d01040004000000f0010300040000002d010200040000002d01020007000000fc020000ffffff020000040000002d010300040000000601010046000000240321008400d1038600d9038900dd038e00df039300df039900dd03a000da03a700d703ae00d403b600d103be00cc03c600c703cd00c103d200bb03d700b503d900b003d900ac03d600a503d200a003cd009e03c8009d03c1009e03ba00a103b300a403ab00a903a300ad039b00b2039400b6038e00ba038900bf038500c4038400ca038400d103040000002d01040004000000f0010300040000002d010200040000002d01020007000000fc020000ffffff020000040000002d01030004000000060101003e00000024031d00a100a103a6009e03ad009b03b5009703bb009303c1008d03c4008603c3007d03bf007203b8006703b2005f03ad005a03a7005603a20055039d0055039900570394005a038b006303830070037e0080037e008f038000960381009d038300a3038600a7038a00a9038f00a9039700a703a100a103040000002d01040004000000f0010300040000002d010200040000002d01020007000000fc020000ffffff020000040000002d01030004000000060101001e00000024030d008a0052038f004e0395004b039c004803a30047039c003b0395002f038d0026038600240383002b0385003703880045038a005203040000002d01040004000000f0010300040000002d01020004000000f001000004000000f001010003000000000062ad05fe, 0.3992015968063872, '1996-04-15 08:25:21', '1996-04-15 08:25:27', 1),
(138, 'Brandy Sour', 'Saft, Sirup und Brandy im Shaker auf Eiswürfeln kräftig schütteln. Durch ein Barsieb in ein Sourglas abseihen und eine Stielkirsche dazugeben.', NULL, NULL, 3, NULL, 0.25142857142857145, '1996-04-15 08:25:21', '1996-04-15 08:25:27', 1),
(139, 'Boston Sour', 'Saft, Eiweiß, Zucker und Bourbon mit Eiswürfeln im Shaker kräftig schütteln. Durch ein Barsieb in ein Whiskeyglas abseihen und mit einer Stielkirsche servieren.', NULL, NULL, 3, NULL, 0.2819672131147541, '1996-04-15 08:25:21', '1996-04-15 08:25:27', 1),
(140, 'Bourbon Highball', 'Eiswürfel in ein Longdrinkglas geben, Bourbon dazugießen und mit Ginger Ale auffüllen. Noch eine Zitronenspirale dazugeben und servieren.', 'Es können auch andere Sodas und Wasser zum Aufgießen benutzt werden.', NULL, NULL, NULL, 0.43, '1996-04-15 08:25:21', '1996-04-15 08:25:27', 1),
(141, 'Bacardi Cocktail', 'Im Shaker alle Zutaten zusammen mit den Eiswürfeln kräftig schütteln. In vorgekühlte Cocktailgläser durch ein Barsieb abseihen.', NULL, NULL, NULL, NULL, 0.28328611898017, '1996-04-15 08:25:21', '1996-04-15 08:25:27', 1),
(142, 'Casablanca', 'Alle Zutaten im Shaker auf Eiswürfeln kräftig schütteln. Dann durch ein Barsieb in eine Cocktailschale abgießen.', NULL, NULL, NULL, NULL, 0.12000000000000002, '1996-04-15 08:25:21', '1996-04-21 08:24:06', 1),
(143, 'Chi Chi', 'Saft, Creme, Sahne und Wodka im Shaker mit gestoßenem Eis gut schütteln. In ein mit gestoßenem Eis gefülltes großes Becherglas abseihen. Mit einem Ananasstück und Amarenakirsche servieren.', NULL, NULL, NULL, NULL, 0.17142857142857146, '1996-04-15 08:25:21', '1996-04-21 08:24:06', 1),
(144, 'Coconut Banana', 'Im Shaker alle Zutaten auf Eiswürfeln gut schütteln. Ein großes Becherglas mit gestoßenem Eis füllen und Inhalt des Shakers abseihen.', 'Anstelle des Bananensirups kann auch eine halbe Banane im Mixer püriert werden.', NULL, NULL, NULL, 0, '1996-04-15 08:25:21', '1996-04-21 08:24:06', 1),
(145, 'Cuba libre', 'Ein Limettenachtel in ein Longdrinkglas ausdrücken und zusammen mit Eiswürfeln hineingeben. Rum darübergießen und mit Cola aufgießen. Dann umrühren und servieren.', NULL, NULL, NULL, NULL, 0.4, '1996-04-15 08:25:21', '1996-04-21 08:24:06', 1),
(146, 'Daiquiri Natural', 'Im Shaker Zutaten auf Eiswürfel gut schütteln. Dann in eine vorgekühlte Cocktailschale abseihen.', NULL, NULL, NULL, NULL, 0.25, '1996-04-15 08:25:21', '1996-04-15 08:25:27', 1),
(147, 'Deep South', 'Zitronensaft, Lime Juice, Rum und Southern Comfort im Shaker auf Eiswürfeln gut schütteln und in einen Champagnerkelch abseihen. Mit Champagner auffüllen.', NULL, NULL, NULL, NULL, 0.2, '1996-04-15 08:25:21', '1996-04-15 08:25:27', 1),
(148, 'Duke of Malborough', 'Sherry und Vermouth im Rührglas gut Verrühren. Dann in eine vorgekühlte Cocktailschale abseihen, mit Orangenschale abspritzen und diese dann zugeben.', NULL, NULL, NULL, NULL, 0.24954627949183303, '1996-04-15 08:25:21', '1996-04-15 08:25:27', 1),
(149, 'Fireman\'s Sour', 'Saft, Puderzucker, Grenadine und Rum im Shaker mit Eiswürfeln gut schütteln. Ein kleines Becherglas mit gestoßenem Eis füllen und den Inhalt des Shakers darauf abseihen. Ein Limettenviertel darüber auspressen und dazugeben.', NULL, NULL, NULL, NULL, 0.26402640264026406, '1996-04-15 08:25:21', '1996-04-15 08:25:27', 1),
(150, 'Flying Cangaroo', 'Zutaten im Shaker mit Eiswürfeln gut schütteln. Dann in ein mit gestoßenem Eis  gefülltes großes Becherglas abseihen. Ein Ananasstück dazugeben und servieren.', NULL, NULL, NULL, NULL, 0.15000000000000002, '1996-04-15 08:25:21', '1996-04-15 08:25:27', 1),
(151, 'Manhattan Dry', 'Den Whiskey, Vermouth und Angostura im Rührglas mit viel Eis gut verrühren. Dann in eine vorgekühlte Cocktailschale abseihen und mit Zitronenschale abspritzen.', NULL, NULL, NULL, NULL, 0.36999999999999994, '1996-04-15 08:25:21', '1996-04-15 08:25:27', 1),
(152, 'Margarita', 'Zutaten im Shaker auf Eiswürfeln gut schütteln. Dann durch ein Barsieb  in eine vorgekühlte Cocktailschale mit Salzrand abseihen.', 'Anstelle von Cointreau kann auch Triple sec verwendet werden.', NULL, NULL, NULL, 0.2, '1996-04-15 08:25:21', '1996-04-15 08:25:27', 1),
(153, 'Southern Comfort Sour', 'Zitronensaft, Orangensaft und Southern Comfort im Shaker mit Eiswürfeln gut schütteln. In ein Whiskeyglas auf Eiswürfel abseihen und eine Stielkirsche dazugeben.', NULL, NULL, NULL, NULL, 0, '1996-04-15 08:25:21', '1996-04-15 08:25:27', 1),
(154, 'Wodka Sour', 'Saft, Sirup und Wodka in einem Shaker mit Eiswürfeln kräftig schütteln. In ein Sourglas abseihen und eine Stielkirsche dazugeben.', NULL, 6, 3, NULL, 0.2285714285714286, '1996-04-15 08:25:21', '1996-04-15 08:25:27', 1),
(155, 'Zombie', 'Mit Eiswürfeln Zutaten im Shaker schütteln und dann in ein mit gestoßenem Eis gefülltes großes Becherglas abseihen.', NULL, NULL, NULL, NULL, 0.24417314095449502, '1996-04-15 08:25:21', '1996-04-15 08:25:27', 1),
(156, 'Flying Dutchman', 'In einem kleinen Becherglas verrühren, mit Limettenachtel abspritzen und dieses dazugeben.', NULL, NULL, NULL, NULL, 0.3993266832917706, '1996-04-15 08:25:21', '1996-04-15 08:25:27', 1),
(157, 'Foggy Day', 'Gin und Pernod in ein Aperitifglas gießen, mit kaltem Wasser auffüllen und mit Zitronenschale abspritzen.', NULL, NULL, NULL, NULL, 0.4, '1996-04-15 08:25:21', '1996-04-15 08:25:27', 1),
(158, 'French Colada', 'Zutaten mit Eiswürfeln im Shaker gut schütteln. Ein großes Becherglas mit gestoßenem Eis füllen und Inhalt des Shakers darüber abseihen. Ananasstück vor dem Servieren dazugeben.', NULL, NULL, NULL, NULL, 0.1766666666666667, '1996-04-15 08:25:21', '1996-04-15 08:25:27', 1),
(159, 'Frisco Sour', 'Saft, Zucker, Bénédictine und Bourbon auf Eiswürfeln im Shaker gut schütteln. Dann in ein Whiskeyglas auf Eiswürfel abseihen. Ein Orangenachtel darüber ausdrücken und dazugeben, mit einer Stielkirsche garnieren.', NULL, NULL, NULL, NULL, 0.31489361702127655, '1996-04-15 08:25:21', '1996-04-15 08:25:27', 1),
(160, 'Tom Collins', 'Eiswürfel zusammen mit Zitronensaft, Zuckersirup und Gin im Longdrinkglas gut verrühren. Mit Soda auffüllen, dann Stielkirsche und Zitronenscheibe dazugeben.', NULL, NULL, NULL, NULL, 0.25, '1996-04-15 08:25:21', '1996-04-15 08:25:27', 1),
(161, 'Petro Collins', 'Eiswürfel zusammen mit Zitronensaft, Zuckersirup und Rum im Longdrinkglas gut verrühren. Mit Soda auffüllen, dann Stielkirsche und Zitronenscheibe dazugeben.', NULL, NULL, NULL, NULL, 0.25, '1996-04-15 08:25:21', '1996-04-15 08:25:27', 1),
(162, 'Rum Collins', 'Eiswürfel zusammen mit Zitronensaft, Zuckersirup und Gin im Longdrinkglas gut verrühren. Mit Soda auffüllen, dann Stielkirsche und Zitronenscheibe dazugeben.', NULL, NULL, NULL, NULL, 0.25, '1996-04-15 08:25:21', '1996-04-15 08:25:27', 1),
(163, 'Captain Collins', 'Zitronensaft, Zuckersirup und Whiskey im Longdrinkglas mit Eis gut verrühren. Mit Soda auffüllen, dann Stielkirsche und Zitronenscheibe dazugeben.', NULL, 9, NULL, NULL, 0.26875, '1996-04-15 08:25:21', '1996-04-21 08:24:06', 1),
(164, 'Sandy Collins', 'Eiswürfel zusammen mit Zitronensaft, Zuckersirup und Whisky im Longdrinkglas gut verrühren. Mit Soda auffüllen, dann Stielkirsche und Zitronenscheibe dazugeben.', NULL, NULL, NULL, NULL, 0.25, '1996-04-15 08:25:21', '1996-04-15 08:25:27', 1),
(165, 'Mike Collins', 'Zitronensaft, Zuckersirup und Whiskey mit Eiswürfeln im Longdrinkglas gut verrühren. Mit Soda auffüllen, dann Stielkirsche und Zitronenscheibe dazugeben.', NULL, NULL, NULL, NULL, 0.25, '1996-04-15 08:25:21', '1996-04-15 08:25:27', 1),
(166, 'Pierre Collins', 'Zitronensaft, Zuckersirup und Cognac im Longdrinkglas mit Eis gut verrühren. Mit Soda auffüllen, dann Stielkirsche und Zitronenscheibe dazugeben.', NULL, NULL, NULL, NULL, 0.25, '1996-04-15 08:25:21', '1996-04-15 08:25:27', 1),
(167, 'Jack Collins', 'Zitronensaft, Zuckersirup und Calvados im Longdrinkglas auf Eis gut verrühren. Mit Soda auffüllen, dann Stielkirsche und Zitronenscheibe dazugeben.', NULL, NULL, NULL, NULL, 0.25, '1996-04-15 08:25:21', '1996-04-15 08:25:27', 1),
(168, 'Pepito Collins', 'Zitronensaft, Zuckersirup und Tequila in Longdrinkglas mit Eiswürfeln gut verrühren. Mit Soda auffüllen, dann Stielkirsche und Zitronenscheibe dazugeben.', NULL, NULL, NULL, NULL, 0.25, '1996-04-15 08:25:21', '1996-04-15 08:25:27', 1),
(169, 'Gin & Sin', 'Zutaten mit den Eiswürfeln im Shaker gut schütteln, dann durch ein Barsieb in eine Cocktailschale abseihen.', NULL, NULL, NULL, NULL, 0.1982651796778191, '1996-04-15 08:25:21', '1996-04-15 08:25:27', 1),
(170, 'Gin Sour', 'Zutaten mit Eiswürfeln im Shaker gut schütteln und durch ein Barsieb  in ein Sourglas abseihen. Mit einer Stielkirsche servieren.', NULL, NULL, NULL, NULL, 0.2269503546099291, '1996-04-15 08:25:21', '1996-04-15 08:25:27', 1),
(171, 'Honeymoon', 'Saft zusammen mit dem Honig in den Mixer geben und etwa 10 min mixen. Einige Eiswürfel in ein Longdrinkglas geben und die Mischung darauf gießen. Den Babyapfel zur Hälfte einschneiden und an den Glasrand stecken.', 'Alkoholfreie fruchtige Erfrischung', NULL, NULL, NULL, 0, '1996-04-15 08:25:21', '1996-04-15 08:25:27', 1),
(172, 'Blue Lagoon', 'Eiswürfel zusammen mit dem Sirup, Saft und Nektar in einen Shaker geben und gut schütteln. Den Rand eines Glases mit Mandeln verzieren, Eiswürfel in ein Glas geben und Mischung durch ein Barsieb darauf abseihen. Karambolescheibe, Cocktailkirsche und Zwergorange aufspießen und über den Glasrand legen.', 'Fruchtige alkoholfreie Erfrischung', NULL, 4, NULL, 0, '1996-04-15 08:25:21', '1996-04-15 08:25:27', 1),
(173, 'Tipsy Maracuja', 'Eiswürfel, Nektar, Saft und Sirup in einen Shaker geben und gut schütteln. Eiswürfel in ein Longdrinkglas geben und Mischung durch ein Barsieb abseihen. Orangenscheibe und Cocktailkirsche anschneiden und an den Glasrand stecken.', 'Alkoholfreie fruchtige Erfrischung', NULL, NULL, NULL, 0, '1996-04-15 08:25:21', '1996-04-15 08:25:27', 1),
(174, 'Swimming Pool', 'Eiswürfel mit Sirup, Saft und Sahne in einen Shaker geben und gut schütteln. Rand eines Longdrinkglases mit Kokosraspeln verzieren, Eiswürfel in das Glas geben und Mischung durch ein Barsieb daraufgießen. Ananasstück anschneiden und an den Glasrand stecken. Cocktailkirsche mit einem Spieß daranstecken.', 'Alkoholfreie fruchtige Erfrischung', NULL, NULL, NULL, 0, '1996-04-15 08:25:21', '1996-04-15 08:25:27', 1),
(175, 'Cinderella', 'Eiswürfel zusammen mit dem Sirup, der Sahne und dem Saft in einem Shaker gut schütteln. Rand des Glases mit Grenadinesirup bepinseln und in Zucker stecken, damit ein roter Zuckerrand entsteht. Eiswürfel in das Glas geben und Mischung durch Barsieb darübergießen. Bananenscheiben und Cocktailkirschen aufspießen und über den Glasrand legen.', 'Alkoholfreie fruchtige Erfrischung', NULL, 4, NULL, 0, '1996-04-15 08:25:21', '1996-04-21 08:24:06', 1),
(176, 'Cardriver', 'Eiswürfel, Saft und Sirup in einen Shaker geben und gut schütteln. Eiswürfel in ein Glas geben und Mischung durch Barsieb darübergeben. Zitronenscheiben anschneiden und an den Glasrand stecken.', 'Alkoholfreie fruchtige Erfrischung', NULL, 4, NULL, 0, '1996-04-15 08:25:21', '1996-04-21 08:24:06', 1),
(177, 'Cocomint', 'Eiswürfel, Sirup und Saft im Shaker gut schütteln. Eiswürfel in ein Glas geben und Mischung durch ein Barsieb darübergeben. Minzezweig waschen, trockenschütteln und in den Drink geben, Cocktailkirsche an den Rand stecken.', 'Alkoholfreier Minzedrink', NULL, NULL, NULL, 0, '1996-04-15 08:25:21', '1996-04-21 08:24:06', 1),
(178, 'Orangenflip', 'Eiswürfel mit Eigelb, Sahne, Sirup, Milch und Saft in einen Shaker geben und gut schütteln. Mischung durch ein Barsieb abgießen und mit Muskatpulver bestreuen.', 'Alkoholfreier Milchdrink', NULL, NULL, NULL, 0, '1996-04-15 08:25:21', '1996-04-15 08:25:27', 1),
(179, 'Mangozauber', 'Saft mit Buttermilch und Sirup im Mixer etwa 10 Sekunden mixen. Mischung in ein Glas gießen, die Mangoscheiben an den Glasrand stecken und die Cocktailkirsche mit einem Spieß daran befestigen.', 'Alkoholfreier Buttermilchdrink', NULL, NULL, NULL, 0, '1996-04-15 08:25:21', '1996-04-15 08:25:27', 1),
(180, 'Virgin Mary', 'Eiswürfel in ein Glas geben, Zitronensaft, Tabasco, Worcestersauce, Pfeffer und Salz dazugeben. Den Tomatensaft darübergießen und alles gut verrühren. Mit einem Stück Stangensellerie garnieren.', 'Alkoholfreie Version der Bloody Mary', NULL, NULL, NULL, 0, '1996-04-15 08:25:21', '1996-04-15 08:25:27', 1),
(181, 'Iced Mint', 'Den Rand eines kleinen Becherglases mit einem Zuckerrand verzieren. Das Glas zur Hälfte mit Eiswürfeln füllen. Tee, Sirup und Saft darübergießen und gut umrühren. Dann Zitronenscheibe und Minze in den Drink geben.', 'Drink für heiße Nachmittage', NULL, NULL, NULL, 0, '1996-04-15 08:25:21', '1996-04-15 08:25:27', 1),
(182, 'Mai Tai', 'Die Zitrone auspressen. Ein großes Becherglas mit gestoßenem Eis füllen und kurz in den Kühlschrank stellen. Eiswürfel, Rum und Saft in einen Shaker geben und gut schütteln. Die Mischung durch ein Barsieb in das Glas gießen. Den Drink mit Minzezweig servieren.', 'Gehört zu den beliebtesten Tropendrinks', NULL, NULL, NULL, 0.3166666666666667, '1996-04-15 08:25:21', '1996-04-15 08:25:27', 1),
(183, 'New Yorker', 'In ein Whiskeyglas Eiswürfel geben und den Bourbon darübergießen. Ein Limettenviertel ausdrücken und dazugeben. Einige Spritzer Grenadinesirup dazugeben und gut umrühren.', NULL, NULL, NULL, NULL, 0.43, '1996-04-15 08:25:21', '1996-04-15 08:25:27', 1),
(184, 'Old Fashioned', 'Würfelzucker in ein Whiskeyglas geben und mit Angostura tränken. Zitronen- und Orangenscheibe dazugeben und gut zerdrücken. Whiskey dazugießen, Glas mit Eiswürfeln auffüllen und gut verrühren. Mit Sodawasser auffüllen und mit Stielkirsche garnieren.', 'Absoluter Klassiker', NULL, NULL, NULL, 0.4291417165668663, '1996-04-15 08:25:21', '1996-04-15 08:25:27', 1),
(185, 'Paradise', 'Eiswürfel in Shaker geben, Zutaten dazuschütten und gut schütteln. Durch ein Barsieb in Cocktailschale abgießen.', NULL, NULL, NULL, NULL, 0.20333333333333334, '1996-04-15 08:25:21', '1996-04-15 08:25:27', 1),
(186, 'Pink Creole', 'Alle Zutaten mit Eiswürfeln im Shaker gut schütteln. Durch ein Barsieb in eine Cocktailschale abseihen.', NULL, NULL, NULL, NULL, 0.31936127744510984, '1996-04-15 08:25:21', '1996-04-15 08:25:27', 1),
(187, 'Ritz', 'Eiswürfel in Shaker geben und Saft, Cognac und Cointreau dazugeben. Gut schütteln und durch ein Barsieb in einen Sektkelch abgießen. Vorsichtig mit Champagner auffüllen.', NULL, NULL, NULL, NULL, 0.24000000000000005, '1996-04-15 08:25:21', '1996-04-15 08:25:27', 1),
(188, 'Red Lion', 'Eiswürfel in einen Shaker geben, dann alle Zutaten dazuschütten und gut schütteln. Durch ein Barsieb in eine Cocktailschale abgießen.', NULL, NULL, NULL, NULL, 0.2057942057942058, '1996-04-15 08:25:21', '1996-04-15 08:25:27', 1),
(189, 'Rusty Nail', 'Einige Eiswürfel in ein Whiskeyglas geben. Dann  Scotch und  Drambuie über die Eiswürfel gießen und verrühren.', 'Ein Klassiker unter den Drinks', NULL, NULL, NULL, 0.4000000000000001, '1996-04-15 08:25:21', '1996-04-15 08:25:27', 1),
(190, 'Screwdriver', 'Einige Eiswürfel in ein Longdrinkglas geben, den Wodka darübergießen und mit dem Orangensaft auffüllen. Eine Orangenscheiben ins Glas legen und servieren.', 'Möglichst frisch gepreßten Orangensaft verwenden.', NULL, NULL, NULL, 0.1142857142857143, '1996-04-15 08:25:21', '1996-04-15 08:25:27', 1),
(191, 'Sidecar', 'Zutaten mit Eiswürfeln im Shaker gut schütteln. Durch ein Barsieb in ein vorgekühltes Cocktailglas gießen.', NULL, NULL, NULL, NULL, 0.27, '1996-04-15 08:25:21', '1996-04-15 08:25:27', 1),
(192, 'Singapore Sling', 'Saft einer halben Limone in den Shaker gießen. Einige Eiswürfel, Gin, Brandy und Grenadinesirup dazugeben und gut schütteln. Eiswürfel in ein Longdrinkglas geben und Mischung durch ein Barsieb dazugeben. Mit Sodawasser auffüllen. Mit der Kirsche und der Limonenscheibe garnieren.', NULL, NULL, NULL, NULL, 0.39716312056737585, '1996-04-15 08:25:21', '1996-04-15 08:25:27', 1),
(193, 'Tequila Mockingbird', 'Ein kleines Becherglas mit gestoßenem Eis füllen, den Saft einer halben Limette dazugeben, ebenso den Tequila und grünen Créme de Menthe. Dann mit Sodawasser auffüllen.', NULL, NULL, NULL, NULL, 0.37, '1996-04-15 08:25:21', '1996-04-15 08:25:27', 1),
(194, 'Peach Daiquiri', 'Saft einer viertel Limette zusammen mit dem Zucker, Rum, Brandy und einem Stück Pfirsich In einem Elektromixer zubereiten und in ein Cocktailglas füllen.', NULL, NULL, NULL, NULL, 0.39669421487603307, '1996-04-15 08:25:21', '1996-04-15 08:25:27', 1),
(195, 'Lone Tree', 'Zutaten zusammen mit Eiswürfeln im Rührglas gut verrühren. Dann durch ein Barsieb in eine vorgekühltes Martiniglas abseihen.', NULL, NULL, NULL, NULL, 0.3093812375249501, '1996-04-15 08:25:21', '1996-04-15 08:25:27', 1),
(196, 'Leave it to Me', 'Eiswürfel zusammen mit Vermouth, Gin und jeweils einigen Spritzern Zitronensaft, Maraschino und Apricot Brandy in einem Shaker gut schütteln. Durch ein Barsieb in ein Martiniglas gießen.', NULL, NULL, NULL, NULL, 0.325, '1996-04-15 08:25:21', '1996-04-15 08:25:27', 1),
(197, 'Knockout Cocktail', 'Eiswürfel zusammen mit dem Vermouth, Gin, einigen Spritzern Pernod und einem Spritzer weißer Créme de Menthe in ein Rührglas geben und gut verrühren. Durch ein Barsieb in ein vorgekühltes Martiniglas abseihen.', NULL, 5, NULL, NULL, 0.3248129675810474, '1996-04-15 08:25:21', '1996-04-15 08:25:27', 1),
(198, 'Italian Coffee', 'Brandy und Amaretto im Irish-Coffee-Glas erhitzen, aber nicht kochen. Zucker - möglichst braunen - dazugeben und mit heißem Espresso auffüllen. Gut umrühren und dann Sahne darübergleiten lassen.', NULL, NULL, NULL, NULL, 0.2416666666666667, '1996-04-15 08:25:21', '1996-04-15 08:25:27', 1),
(199, 'Gibson', 'Vermouth und Gin in einem Rührglas zusammen mit viel Eis verrühren. Dann in ein vorgekühltes Martiniglas abgießen und eine Perlzwiebel dazugeben.', NULL, NULL, NULL, NULL, 0.3997005988023952, '1996-04-15 08:25:21', '1996-04-15 08:25:27', 1),
(200, 'Flying', 'Saft, Gin, Triple Sec und Zucker zusammen mit Eiswürfeln im Shaker gut schütteln. Durch ein Barsieb in einen Sektkelch abgießen und mit Champagner auffüllen.', NULL, NULL, NULL, NULL, 0.18415841584158418, '1996-04-15 08:25:21', '1996-04-15 08:25:27', 1),
(201, 'Fino Martini', 'Sherry Fino und Gin mit Eiswürfeln in einem Rührglas gut verrühren. Durch ein Barsieb in ein vorgekühltes Martiniglas abgießen, mit Zitronenschale abspritzen und diese dazugeben.', NULL, NULL, NULL, NULL, 0.4, '1996-04-15 08:25:21', '1996-04-15 08:25:27', 1),
(202, 'Vulcano', 'Himbeergeist und Curacao in einen Sektkelch gießen. Dann mit eiskaltem Champagner auffüllen und mit Orangenschale abspritzen.', NULL, NULL, NULL, NULL, 0.2, '1996-04-15 08:25:21', '1996-04-15 08:25:27', 1),
(203, 'Tropical Champagner', 'Saft, Sirup und Rum zusammen mit Eiswürfeln im Shaker gut schütteln. Durch ein Barsieb in einen Sektkelch abgießen und mit Champagner auffüllen.', NULL, NULL, NULL, NULL, 0.2, '1996-04-15 08:25:21', '1996-04-15 08:25:27', 1),
(204, 'Pick Me Up', 'Saft, Sirup, Brandy sowie ein Spritzer Angostura, ein Spritzer Grenadine und mehrere Spritzer Zuckersirup zusammen mit Eiswürfeln im Shaker gut schütteln. Dann durch ein Barsieb in einen Sektkelch gießen und mit Champagner aufgießen.', NULL, NULL, NULL, NULL, 0.29139072847682124, '1996-04-15 08:25:21', '1996-04-15 08:25:27', 1),
(205, 'Finlandia Bite', 'Alle Zutaten zusammen im Shaker mit Eis schütteln und in das Cocktailglas seihen. Mit Muskat bestreuen.', 'Angenehm frisch...', NULL, NULL, NULL, 0.2996254681647941, '1996-04-15 08:25:21', '1996-04-15 08:25:27', 1),
(206, 'Wodka Nikolaschka', 'Den Wodka ins Glas geben. Die Orangenscheibe auf das Glas legen, mit Puderzucker bestreuen und mit Grand Marnier beträufeln. Man zerkaut die Orange und trinkt dann den Wodka.', NULL, NULL, NULL, NULL, 0.3904368932038836, '1996-04-15 08:25:21', '1996-04-15 08:25:27', 1),
(207, 'Resolute', 'Die Zutaten zusammen im Shaker mit Eis schütteln und in das Cocktailglas seihen.', NULL, NULL, NULL, NULL, 0.2575, '1996-04-15 08:25:21', '1996-04-15 08:25:27', 1),
(208, 'Calvados Cobbler', 'Das Glas zur Hälfte mit Crushed Ice füllen. Calvados, Zitronensaft und Zuckersirup hinzufügen und kurz umrühren. Mit Apfelwein auffüllen und nochmals umrühren. Dann das Obst an den Glasrand stecken.', NULL, 9, NULL, NULL, 0.15272727272727274, '1996-04-15 08:25:21', '1996-04-21 08:24:06', 1),
(209, 'Postbote', 'Alle Zutaten mit Eis gut mixen...', 'Kreation von N+R.', NULL, NULL, NULL, 0.2575, '1996-04-15 08:25:21', '1996-04-15 08:25:27', 1);
INSERT INTO `tblcocktail` (`CocktailNr`, `Cocktail`, `Zubereitung`, `Bemerkung`, `GlasNr`, `GruppeNr`, `CocktailBild`, `Alkoholgehalt`, `CocktailErfaßt`, `CocktailGeändert`, `CocktailVersion`) VALUES
(210, 'Alexander', 'Alle Zutaten zusammen im Shaker mit Eis schütteln und in ein Glas seihen. Mit Muskatnuß bestreuen.', NULL, 7, NULL, 0x151c3100020000000800150014001c00ffffffff436c6970417274004d535f436c69704172745f47616c6c6572792e32000105000002000000130000004d535f436c69704172745f47616c6c6572790000000000000000008e020000ffe0f505010128416c6c65204b617465676f7269656e2900433a5c4d534f66666963655c436c69706172745c5745494e2e574d46000f47000000407b02007f16643e4f170000e500000100000500407b02005a84020000000000e50000018a83b41f37170000407b020001000000941bf67f387148000c0000000c0000007c0249002c00000034e46a00967bf7bf20e46a005c4d7d820c000000b0e86a007fdff9bff300000034e46a000c0000007c0249002c75400000020000080d9e009c744000080d9e0000020000b8e46a000002000064e46a0078e46a00f80941000002000001000000000000001128416c6c65204b617465676f7269656e291c433a5c4d534f66666963655c436c69706172745c5745494e2e574d460000000000000000000000000000000000000000000000000000000000000000000000000000000000000000000000000000000000000000000000000000000000000000000000000000000000000000000000000000000000000000000000000000000000000000000000000000000000000000000000000000000000000000000000000000000000000000000000000000000000000000000000000000000000000000000000000000000000000000000000000000000000000000000000000000000000000000000000000000000000000000000000000000000000000000000000000000000000000000000000000000000000000000000000000000000000000000000000000000000000000000000000000000000000000000000000000000000000000000000000000000000000000000000000000000000000000000000000000000000000000000000000000000000000000000000000000000000000000000000000000000000000000000000000000001050000050000000d0000004d45544146494c455049435400320e0000cbf1ffffda2200000800320e350e00000100090000036911000005001601000000000400000003010800050000000b02f702b5fc050000000c028f084c02050000000b02f702b5fc050000000c0298059705050000000b028f08b5fc050000000c0268fa970507000000fc020100000000020000040000002d01000009000000fa02000000000000000000022200040000002d0101000400000004010d0009000000fa02050000000000ffffff022200040000002d01020007000000fc020000cccccc020000040000002d010300040000000601010006010000240381007efe29038dfe23039cfe1e03acfe1903bbfe1403cbfe1003dbfe0c03ebfe0903fbfe05030bff03031bff00032cfffe023dfffc024dfffb025efffa026ffff90280fff90290fff9029ffffa02aefffa02bdfffc02cdfffd02dcffff02ebff0103f9ff0303080006031700090325000c0334000f0342001303500017035e001b036c0020039f003403d1004c03000168032d0187035701a9037e01ce03a301f703c5012104e3014f04fe017e041502b0042802e40438021a05430251054a028a054c02c4054b02e90548020d06440231063d025406350277062c0299062102ba061402da060502fa06f5011907e4013707d2015407be017007a8018b079201a5077a01be076101d5074701ec072c01010810011508f3002808d5003908b6004908970057087600640855006f083300780810008008edff8708c9ff8b08a5ff8e0880ff8f085bff8e0837ff8b0813ff8708f0fe8008cdfe7808abfe6f088afe64086afe57084afe49082bfe39080dfe2808f0fd1508d4fd0108b9fdec079ffdd50786fdbe076ffda50758fd8b0743fd70072ffd54071cfd37070bfd1907fbfcfa06edfcda06e0fcba06d5fc9906ccfc7706c4fc5406bdfc3106b9fc0d06b6fce905b5fcc405b7fc8c05befc5405c8fc1e05d7fcea04e9fcb704fffc870419fd580435fd2b0455fd010478fdd9039efdb403c6fd9203f1fd73031efe57034dfe3e037efe290307000000fc020000ffffff020000040000002d01040004000000f0010300040000002d010200040000002d01020007000000fc020000000000020000040000002d01030004000000060102004c0000002403240080ff020380ff02036fff02035eff02034dff03033dff04032dff06031cff08030cff0b03fcfe0d03ecfe1103dcfe1403cdfe1803bdfe1c03aefe21039efe260390fe2b0381fe31037bfe21038afe1b039afe1603aafe1103b9fe0c03c9fe0803dafe0403eafe0103fafefd020afffb021afff8022bfff6023dfff4024dfff3025efff2026ffff00280fff00280fff0024c000000240324006a0028036a0028035c0023034e001f0340001b0332001703240014031600110307000e03f8ff0b03eaff0903dbff0703cdff0503bdff0403aeff02039fff030390ff020380ff020380fff00290fff0029ffff102aefff202bdfff402cdfff502ddfff702ecfff902fafffb020900fe0218000103260004033600070344000b0352000f03600013036e0018036e0018034c000000240324004302c4054302c40542028a053b02520530021c052002e6040d02b304f7018204dc015304be0126049d01fc037801d4035201af0328018e03fc006f03cd0053039c003c036a0028036e001803a2002c03d500450304016103320180035c01a3038401c803a901f203cc011c04ea014b0405027a041d02ad043002e204400218054b02500552028a055502c4055502c4058c0000002403440080ff860880ff8608a5ff8608c9ff8308ecff7f080f007808310070085300670873005c0894004f08b3004108d1003208ef0021080b010e082701fa074201e6075b01cf077401b8078c019f07a2018607b7016b07cb015007dd013307ee011507fd01f7060c02d7061902b706240297062d027506350253063c02300640020d064302e9054302c4055502c4055302e90550020d064c023206450255063d02790634029b062902bd061c02dd060d02fd06fc011d07eb013b07d9015807c5017507ae0190079801ab078001c4076701db074c01f2073101080815011c08f7002f08d9004008b90051089a005f0879006c08570077083500800811008808eeff8f08c9ff9308a5ff960880ff980880ff98088c00000024034400befcc405befcc405befce905c1fc0d06c5fc3006ccfc5306d4fc7506ddfc9706e8fcb706f5fcd70603fdf70612fd150723fd330736fd4f074afd6b075efd860775fd9f078cfdb807a5fdcf07befde607d9fdfa07f5fd0e0811fe21082ffe32084dfe41086dfe4f088dfe5c08adfe6708cffe7008f1fe780814ff7f0837ff83085bff860880ff860880ff98085bff960837ff930812ff8f08effe8808cbfe8008a9fe770887fe6c0867fe5f0847fe510827fe400809fe2f08ebfd1c08cffd0808b4fdf20799fddb0780fdc40769fdab0752fd90073cfd750728fd590715fd3b0704fd1d07f3fcfd06e5fcdd06d8fcbd06cdfc9b06c4fc7906bcfc5506b5fc3206b1fc0d06aefce905acfcc405acfcc4054c0000002403240081fe310381fe310350fe460322fe5e03f5fd7a03cbfd9903a4fdba037efddf035bfd06043cfd300420fd5c0407fd8b04f1fcba04dffcec04d0fc2005c6fc5505bffc8c05befcc405acfcc405affc8c05b6fc5305c0fc1c05cffce804e1fcb404f7fc830412fd54042efd26044ffdfc0372fdd30398fdae03c1fd8b03edfd6c031afe50034afe36037bfe21037bfe2103040000002d01040004000000f0010300040000002d01020007000000fc020000ffffff020000040000002d010300040000000601010016010000240389006c0020035b0028034a002f033a0037032a003e031a0044030b004b03fdff5103efff5703e2ff5d03d6ff6303caff6903c0ff6f03b6ff7403aeff7a03a6ff7f03a0ff8503a0ffb903a0ff1504a0ff7804a0ffc004f3ffd5043900f30472001a059f004905c1007f05d900ba05e800f905ee003c06ed008206e500c806d8000e07c5005307af0097079500d607790012085c004808560048084f004808460048083b0048082e004808210048081200480802004808f1ff4808dfff4808ccff4808b9ff4808a5ff480891ff48087dff480869ff480855ff480841ff48082dff480819ff480806ff4808f3fe4808e1fe4808d0fe4808c0fe4808b1fe4808a4fe480897fe48088cfe480883fe48087cfe480876fe480859fe12083dfed60723fe97070dfe5307fafd0e07edfdc806e5fd8206e4fd3c06eafdf905f9fdba0511fe7f0533fe490560fe1a0599fef304dffed50432ffc00432ff780432ff150432ffb90332ff85032cff7f0324ff7a031bff740310ff6e0305ff6903f9fe6303ecfe5e03dffe5803d2fe5203c4fe4d03b7fe4703a9fe41039cfe3b0390fe360385fe30037afe2a0389fe240398fe1f03a8fe1a03b8fe1503c8fe1103d8fe0d03e8fe0903f9fe060309ff03031aff00032bfffe023cfffc024dfffb025efffa026ffff90280fff90290fff9029ffffa02aefffa02bdfffc02cdfffd02dcffff02ebff0103f9ff0303080006031700090325000c0334000f0342001303500017035e001b036c002003040000002d01040004000000f0010300040000002d010200040000002d01020007000000fc020000000000020000040000002d0103000400000006010200560000002403290097ff85039aff7f03a1ff7803a9ff7303b2ff6d03bcff6803c6ff6203d2ff5b03dfff5503ecff4f03faff49030800430317003c032700360337002f034700270358002003690018036f0028035e0030034d0037033d003f032d0046031d004c030e00530300005903f2ff5f03e5ff6503daff6b03ceff7003c4ff7603baff7b03b3ff8103abff8603a6ff8b03a9ff8503a6ff8b03a0ff8e039aff8b0397ff85039aff7f0326000000240311009fffc80497ffc00497ff780497ff150497ffb90397ff8503a9ff8503a9ffb903a9ff1504a9ff7804a9ffc004a1ffb804a9ffc004a6ffc704a0ffc9049affc70497ffc00456000000240329005c003f085500440871000e088d00d307a7009407bd005107d0000c07dd00c706e5008206e6003c06e000fa05d100bc05ba00830598004e056d0020053500fa04f1ffdd049fffc804a1ffb804f5ffcd043d00ec0477001405a6004405c8007b05e100b805f000f805f6003c06f5008206ed00c906e0001007cd005507b7009a079d00d9078100160863004c085c00510863004c085e00500858004f0854004a08550044084c0000002403240069ff3f0869ff3f087dff3f0891ff3f08a5ff3f08b9ff3f08ccff3f08dfff3f08f1ff3f0802003f0812003f0821003f082e003f083b003f0846003f084f003f0856003f085c003f085c005108560051084f005108460051083b0051082e005108210051081200510802005108f1ff5108dfff5108ccff5108b9ff5108a5ff510891ff51087dff510869ff510869ff510856000000240329007dfe440876fe3f087cfe3f0883fe3f088cfe3f0897fe3f08a4fe3f08b1fe3f08c0fe3f08d0fe3f08e1fe3f08f3fe3f0806ff3f0819ff3f082dff3f0841ff3f0855ff3f0869ff3f0869ff510855ff510841ff51082dff510819ff510806ff5108f3fe5108e1fe5108d0fe5108c0fe5108b1fe5108a4fe510897fe51088cfe510883fe51087cfe510876fe51086ffe4c0876fe51086ffe4e086dfe48086ffe420876fe3f0856000000240329003bffc00433ffc804e1fedd049dfefa0465fe20053afe4e0518fe830501febc05f2fdfa05ecfd3c06edfd8206f5fdc70602fe0c0715fe51072bfe940745fed30761fe0e087dfe44086ffe4c0851fe160835fed9071bfe9a0705fe5507f2fd1007e5fdc906ddfd8206dcfd3c06e2fdf805f1fdb8050afe7b052cfe44055bfe140595feec04ddfecd0431ffb80429ffc00431ffb80437ffba043affbf0438ffc50433ffc804260000002403110038ff7f033bff85033bffb9033bff15043bff78043bffc00429ffc00429ff780429ff150429ffb90329ff85032cff8b0329ff85032cff7e0332ff7c0338ff7e033bff850356000000240329007dfe32037efe230389fe290393fe2e039ffe3303acfe3903bafe3f03c7fe4503d5fe4a03e2fe5003effe5603fcfe5b0308ff610314ff66031fff6d0328ff730331ff780338ff7f032cff8b0327ff860320ff810317ff7b030cff760302ff7103f6fe6b03e9fe6603dcfe6003cffe5a03c1fe5503b4fe4f03a6fe490399fe43038dfe3e0381fe370376fe310377fe220376fe310372fe2c0373fe260378fe22037efe23034c0000002403240080ff020380ff02036fff02035eff02034dff03033cff04032cff06031bff08030aff0b03fafe0e03e9fe1103dafe1503cafe1903bafe1d03aafe22039afe27038cfe2c037dfe320377fe220386fe1c0396fe1703a6fe1203b6fe0d03c6fe0903d6fe0503e7fe0103f8fefe0208fffb0219fff8022afff6023cfff4024dfff3025efff2026ffff00280fff00280fff0025600000024032900690018036a0028035c0023034e001f0340001b0332001703240014031600110307000e03f8ff0b03eaff0903dbff0703cdff0503bdff0403aeff02039fff030390ff020380ff020380fff00290fff0029ffff102aefff202bdfff402cdfff502ddfff702ecfff902fafffb020900fe0218000103260004033600070344000b0352000f03600013036e0018036f0028036e00180373001c0374002203700027036a002803040000002d01040004000000f0010300040000002d01020007000000fc020000666666020000040000002d01030004000000060101009600000024034900aaff3805e8ff47051c005e0546007b0566009f057e00c7058f00f305980023069b005506980089069100bd068500f20675002607630058074f0088073900b5072300dd071f00dd071900dd071200dd070a00dd070100dd07f6ffdd07ebffdd07dfffdd07d3ffdd07c5ffdd07b7ffdd07a9ffdd079affdd078bffdd077cffdd076dffdd075effdd074fffdd0740ffdd0731ffdd0722ffdd0715ffdd0707ffdd07fafedd07eefedd07e3fedd07d9fedd07cffedd07c7fedd07c0fedd07bafedd07b6fedd07a0feb5078afe880776fe580764fe260755fef20649febd0642fe89063ffe550642fe23064bfef3055cfec70574fe9f0594fe7b05befe5e05f2fe470530ff380543ff340554ff310564ff2f0573ff2e0580ff2f058eff31059cff3405aaff3805040000002d01040004000000f0010300040000002d010200040000002d01020007000000fc020000000000020000040000002d010300040000000601020056000000240329002300d4071c00d9073200b107470085075b0055076d0024077d00f0068900bc069000890692005506900024068700f5057600ca055f00a4054100810518006505e6ff4f05a9ff4005abff3005eaff3f05200057054b0075056d009a058600c4059700f105a0002206a4005506a00089069900be068d00f4067d0028076b005b0757008b074000b9072a00e1072300e6072a00e1072500e5071f00e4071b00df071c00d9074c000000240324006dffd4076dffd4077cffd4078bffd4079affd407a9ffd407b7ffd407c5ffd407d3ffd407dfffd407ebffd407f6ffd4070100d4070a00d4071200d4071900d4071f00d4072300d4072300e6071f00e6071900e6071200e6070a00e6070100e607f6ffe607ebffe607dfffe607d3ffe607c5ffe607b7ffe607a9ffe6079affe6078bffe6077cffe6076dffe6076dffe6075600000024032900bdfed907b6fed407bafed407c0fed407c7fed407cffed407d9fed407e3fed407eefed407fafed40707ffd40715ffd40722ffd40731ffd40740ffd4074fffd4075effd4076dffd4076dffe6075effe6074fffe60740ffe60731ffe60722ffe60715ffe60707ffe607fafee607eefee607e3fee607d9fee607cffee607c7fee607c0fee607bafee607b6fee607affee107b6fee607affee307adfedd07affed707b6fed407560000002403290032ff400531ff4005f4fe4f05c2fe650599fe81057bfea40564feca0553fef5054afe240648fe55064afe890651febc065dfef0066cfe24077efe550792fe8507a7feb107bdfed907affee10799feb90782fe8b076efe5b075cfe28074dfef40641febe063afe890636fe55063afe220643fef10554fec4056dfe9a058ffe7505bafe5705f0fe3f052fff30052eff30052fff300535ff320538ff370536ff3d0531ff40053600000024031900a9ff4005a8ff40059aff3c058dff390580ff370573ff370564ff370555ff390544ff3c0532ff40052eff300542ff2c0553ff290564ff270573ff250580ff27058fff29059eff2c05acff3005abff3005acff3005b1ff3405b2ff3a05aeff3f05a8ff4005040000002d01040004000000f0010300040000002d01020007000000fc020000000000020000040000002d01030004000000060101004600000024032100de016105c8016305b3016a05a001740590018105830191057901a4057201b9057001cf057201e5057901fa0583010c0690011d06a0012a06b3013406c8013b06de013d06f4013b06090234061b022a062c021d0639020c064302fa054a02e5054c02cf054a02b9054302a405390291052c0281051b02740509026a05f4016305de016105040000002d01040004000000f0010300040000002d010200040000002d01020007000000fc020000000000020000040000002d0103000400000006010100460000002403210002018405ec008605d7008d05c4009705b400a405a700b4059d00c7059600dc059400f205960008069d001d06a7002f06b4004006c4004d06d7005706ec005e060201600618015e062d0157063f014d06500140065d012f0667011d066e0108067001f2056e01dc056701c7055d01b4055001a4053f0197052d018d051801860502018405040000002d01040004000000f0010300040000002d010200040000002d01020007000000fc020000000000020000040000002d01030004000000060101004600000024032100cd009804b7009a04a200a1048f00ab047f00b8047200c8046800db046100f0045f00060561001c0568003105720044057f0054058f006105a2006b05b7007205cd007405e3007205f8006b050a0161051b015405280144053201310539011c053b0106053901f0043201db042801c8041b01b8040a01ab04f800a104e3009a04cd009804040000002d01040004000000f0010300040000002d010200040000002d01020007000000fc020000000000020000040000002d01030004000000060101004600000024032100320043031c00450307004c03f4ff5603e4ff6303d7ff7303cdff8603c6ff9b03c4ffb103c6ffc703cdffdc03d7ffef03e4ffff03f4ff0c04070016041c001d0432001f0448001d045d00160470000c048000ff038d00ef039700dc039e00c703a000b1039e009b03970086038d00730380006303700056035d004c034800450332004303040000002d01040004000000f0010300040000002d010200040000002d01020007000000fc020000000000020000040000002d010300040000000601010046000000240321000a01bb03f400bd03df00c403cc00ce03bc00db03af00eb03a500fe039e0013049c0029049e003f04a5005304af006604bc007604cc008304df008d04f40094040a0196042001940435018d044801830458017604650166046f01530476013f0478012904760113046f01fe036501eb035801db034801ce033501c4032001bd030a01bb03040000002d01040004000000f0010300040000002d010200040000002d01020007000000fc020000000000020000040000002d01030004000000060101005600000024032900c5001e08bf001708ba001108b4000b08af000508aa00ff07a400f8079f00f2079900ec07a400e007b400d007c800bc07de00a307f4008507070161071701390720010a0729010d07340111073f0115074a011a0755011f075e012207660125076b0127076801380762014a075a015c0750016f0744018107370194072901a6071b01b8070d01ca07ff00da07f200e907e600f707db000408d1000e08ca001708c5001e08040000002d01040004000000f0010300040000002d010200040000002d01020007000000fc020000000000020000040000002d01030004000000060102003600000024031900a000f1079f00e707a500ec07aa00f307b000fa07b5000008ba000508c0000b08c5001208cb001908bf002308b9001c08b4001708ae001108a9000a08a40004089e00fd079900f8079300f1079200e7079300f1079200eb079500e6079a00e4079f00e70736000000240319001e01120728010a071f013b070f016407fb008907e400a807ce00c207ba00d607aa00e607a000f1079200e7079e00da07ae00ca07c200b607d8009e07ed008107ff005e070f01370718010a072201020718010a071b010407200103072601040728010a073600000024031900630127076a012f0763012d075c012a0752012707470122073c011d0731011907270115071e011207220102072b0105073701090742010d074d0112075801170760011a0769011d076c011f07730127076c011f07710122077301280770012d076a012f075600000024032900cb001908be001a08c3001208cb000908d500fe07e000f207ec00e407f900d5070701c5071401b3072201a10730018f073d017c0749016b07520159075a01470760013607630127077301270770013a076a014d0762015f07570173074b0186073e0199073001ab072201bd071301cf070501df07f800ee07ec00fc07e1000a08d7001308d1001c08cc002208bf002308cc002208c7002608c1002508bd002008be001a08040000002d01040004000000f0010300040000002d01020007000000fc020000000000020000040000002d010300040000000601010046000000240321008d01c8047d01ca046e01ce046001d5045501df044b01eb044301f8043f0107053d0117053f012705430136054b01430555014f05600159056e0160057d0164058d0166059d016405ab016005b9015905c5014f05ce014305d6013605da012705dc011705da010705d601f804ce01eb04c501df04b901d504ab01ce049d01ca048d01c804040000002d01040004000000f0010300040000002d010200040000002d01020007000000fc020000000000020000040000002d010300040000000601010046000000240321003100290421002b0413002f0405003604f9ff4004f0ff4c04e8ff5904e4ff6804e2ff7804e4ff8804e8ff9704f0ffa504f9ffb1040500ba041300c2042100c6043100c8044100c6045000c2045e00ba046a00b1047300a5047b0097047f008804810078047f0068047b00590473004c046a0040045e00360450002f0441002b0431002904040000002d01040004000000f0010300040000002d010200040000002d01020007000000fc020000000000020000040000002d0103000400000006010100460000002403210004025306f6015406ea015806de015e06d4016706cc017106c5017c06c1018906c0019706c101a506c501b106cc01bc06d401c606de01cf06ea01d506f601d9060402da061202d9061e02d5062902cf063302c6063c02bc064202b1064602a506470297064602890642027c063c0271063302670629025e061e0258061202540604025306040000002d01040004000000f0010300040000002d010200040000002d01020007000000fc020000000000020000040000002d010300040000000601010046000000240321005b014f064b0151063c0155062f015d062301670619017206120180060e018f060c019f060e01af061201be061901cb062301d7062f01e1063c01e8064b01ec065b01ee066b01ec067a01e8068701e1069301d7069d01cb06a401be06a801af06aa019f06a8018f06a40180069d0172069301670687015d067a0155066b0151065b014f06040000002d01040004000000f0010300040000002d010200040000002d01020007000000fc020000000000020000040000002d01030004000000060101004600000024032100ab0146049f01470494014b048b015004820157047b01600476016904720174047101800472018b04760196047b01a0048201a8048b01af049401b4049f01b804ab01b904b601b804c101b404cb01af04d301a804da01a004df019604e3018b04e4018004e3017404df016904da016004d3015704cb015004c1014b04b6014704ab014604040000002d01040004000000f0010300040000002d010200040000002d01020007000000fc020000000000020000040000002d010300040000000601010046000000240321005ffe62034ffe640340fe680333fe700327fe7a031dfe850316fe930312fea20310feb20312fec20316fed1031dfede0327feea0333fef40340fefb034ffeff035ffe01046ffeff037efefb038cfef40398feea03a1fede03a9fed103adfec203affeb203adfea203a9fe9303a1fe850398fe7a038cfe70037efe68036ffe64035ffe6203040000002d01040004000000f0010300040000002d010200040000002d01020007000000fc020000000000020000040000002d01030004000000060101004600000024032100b7fdcf03abfdd003a1fdd40397fdd9038ffde00388fde80382fdf2037ffdfd037efd08047ffd140482fd1f0488fd28048ffd310497fd3804a1fd3d04abfd4104b7fd4204c3fd4104cdfd3d04d7fd3804e0fd3104e6fd2804ecfd1f04effd1404f0fd0804effdfd03ecfdf203e6fde803e0fde003d7fdd903cdfdd403c3fdd003b7fdcf03040000002d01040004000000f0010300040000002d010200040000002d01020007000000fc020000ffffff020000040000002d01030004000000060102004c0000002403240080ff050380ff05036fff05035fff05034eff06033fff07032fff090320ff0a0310ff0d0302ff0f03f3fe1203e5fe1503d6fe1903c9fe1c03bcfe1f03affe2303a3fe280396fe2c038efe16039bfe1203a7fe0d03b6fe0903c3fe0403d2fe0103e1fefd02effefa02fefef7020efff5021efff2022dfff1023dffef024effee025fffed026fffed0280ffed0280ffed0248000000240322004f0023034300200338001d032b001a031f0017031200140306001203f9ff1003ecff0e03deff0c03d1ff0a03c5ff0903b7ff0803a9ff07039cff06038eff050380ff050380ffed028effed029cffee02a9ffef02b7fff002c5fff102d3fff202e0fff402eefff602fbfff8020800fa021600fc022300ff022f0002033c0005034900080355000b03040000002d01040004000000f001030004000000f001000004000000f001010003000000000056ad05fe, 0.21666666666666667, '1996-04-15 08:25:21', '1996-04-15 08:25:27', 1),
(211, 'Zoom', 'Im Shaker alle Zutaten mit Eis kräftig vermischen.', NULL, NULL, NULL, NULL, 0.2285714285714286, '1996-04-15 08:25:21', '1996-04-15 08:25:27', 1),
(212, 'Side Car', 'Die Zutaten im Shaker mit Eis schütteln.', NULL, NULL, NULL, NULL, 0.26666666666666666, '1996-04-15 08:25:21', '1996-04-15 08:25:27', 1),
(213, 'B and B', 'Zusammenrühren, evtl. Eis hinzugeben.', NULL, NULL, NULL, 0x151c3100020000000800150014001c00ffffffff436c6970417274004d535f436c69704172745f47616c6c6572792e32000105000002000000130000004d535f436c69704172745f47616c6c6572790000000000000000008e020000ffe0f505010128416c6c65204b617465676f7269656e2900433a5c4d534f66666963655c436c69706172745c50637366696c65735c706f70756c61722e706373003e4f170000e500000100000500407b02005a84020000000000e50000018a83b41f37170000407b020001000000941bf67f387148000c0000000c0000007c0249002c00000034e46a00967bf7bf20e46a00fc4c7d820c000000b0e86a007fdff9bff300000034e46a000c0000007c0249002c75400000020000e8039e009c744000e8039e0000020000b8e46a000002000064e46a0078e46a00f80941000002000001005053c70000001128416c6c65204b617465676f7269656e2928433a5c4d534f66666963655c436c69706172745c50637366696c65735c706f70756c61722e7063730000000000000000000000000000000000000000000000000000000000000000000000000000000000000000000000000000000000000000000000000000000000000000000000000000000000000000000000000000000000000000000000000000000000000000000000000000000000000000000000000000000000000000000000000000000000000000000000000000000000000000000000000000000000000000000000000000000000000000000000000000000000000000000000000000000000000000000000000000000000000000000000000000000000000000000000000000000000000000000000000000000000000000000000000000000000000000000000000000000000000000000000000000000000000000000000000000000000000000000000000000000000000000000000000000000000000000000000000000000000000000000000000000000000000000000000000000000000000000000000000001050000050000000d0000004d45544146494c455049435400d416000048d8fffff00500000800d416b8270000010009000003f402000003005200000000000400000003010800050000000b0200000000050000000c02aa098e05050000000b0218fcd200050000000c02aa098e051100000026060f001800ffffffff00001000d200000018fcffff60060000c20500000900000026060f000800ffffffff020000000e00000026060f001200ffffffff04000a00544e5050030020c87d000a00000026060f000a00544e505000000200f0030900000026060f000800ffffffff030000000f00000026060f001400544e505004000c00010000000100000000000000050000000b0218fcd200050000000c02aa098e050900000026060f000800ffffffff000000000900000026060f000800ffffffff0000000009000000fa02050001000000000000002200040000002d01000007000000fc020000000000020000040000002d010100050000000902000000020400000004010d002e00000024031500ac032201ce03fc001004ee004804fc006704110180043c01960488019f04d9019f046d028004ed025104350322045e03ed037b03a203780367034d03610318037d03ca02960373029f0302029003a20190035c01050000000902000000024000000024031e0053044e0327043303ef033303d9035603e2038a031404be037b04ed03f204520405057e04fb049204a104d504370423051e0446051e0468056f048e05ec04b9051705b90546059c054605850524057a058504680549045a0543044005aa04f7041a05b204330598043d0575043305440411051e04a1049f03050000000902000000024c00000024032400f20270033a0336037f031303ab031903c1033603c1035603b403780385038d032703be03ef02fb03c9024304c0026f04f202a3042703ee044d03340556035f05560379053d038b05ef028e057802a8056202bf054f02c205fb01a805fb018e0520027905b6025f05050368052a03680534035a0514031a05d302c604a40289049102660491023204b002db03cc02a403050000000902000000024400000024032000d1014902f3015c020c0249024c02f901bc02b3010a03a50163039c01730376015c034d0125034201d60253016602a1012002e701f6010a02dc01e201e0017f01fe0105012002dd005002b9006e029c001b026300d1011d00c201ddffa101e0ff96013400d40168001802a000f601d900d4011f01be017901af01d501be0124020500000009020000000252000000240327009d0434019d040601b904e3003305ba00c9059800210683002a06720001063e00b005f2ff5c05b3ff1a0590fff5046dfff10453ff07053cff3c0530ff7e0505ff8705d9fe87059cfe810585fe9a058bfebd05bffec905f6fea4051fff81052aff40054aff33055cff3c056dff78059bffb605b5ff0b06f8ff430646005f068300560698004306a600fb05c0006b05ec0011051101d5043101b0043a01050000000902000000023a00000024031b0028037d005103a9009303d100cb03da00f603d1002904af003b04690042043500320403001504c6fffa0391fff60386ff030449ff29040cff2f04fafe1b04ecfe0304ecfee7033bffdb036fffb8034cff9c0332ff60031dff35031dfff3023bffe0028ffff002faff0c0360000900000026060f000800ffffffff010000000900000026060f000800ffffffff0000000007000000fc020000ff0033020000040000002d01020004000000f0010100050000000902ff00330207000000180421fe5b057bfda704050000000902ff003302070000001804fbfc5f0454fcab03050000000902ff003302070000001804bffc170318fc6302050000000902ff00330207000000180415fde3016efc2f01050000000902ff00330207000000180474fe8601cdfdd200050000000902ff003302070000001804acffab0105fff7000900000026060f000800ffffffff010000000900000026060f000800ffffffff010000000f00000026060f001400544e505004000c000000000000000000000000000900000026060f000800ffffffff01000000040000002d01000007000000fc020100000000000000040000002d01010004000000f001020003000000000021ad05fe, 0.47000000000000003, '1996-04-15 08:25:21', '1996-04-15 08:25:27', 1),
(214, 'Stinger', 'Zusammenrühren.', NULL, NULL, NULL, NULL, 0.35000000000000003, '1996-04-15 08:25:21', '1996-04-15 08:25:27', 1),
(215, 'Ecstacy', 'Zusammenrühren.', NULL, NULL, NULL, NULL, 0.36333333333333334, '1996-04-15 08:25:21', '1996-04-15 08:25:27', 1),
(216, 'Panamac', 'Im Shaker schütteln und mit etwas Muskat bestreuen.', NULL, NULL, NULL, NULL, 0.21666666666666667, '1996-04-15 08:25:21', '1996-04-15 08:25:27', 1),
(217, 'Prince of Wales', 'Mit Eis zusammenrühren. Die Früchte mit einem Stirer in ein Glas geben, zugießen und mit Sekt auffüllen.', NULL, NULL, NULL, NULL, 0.26578073089701, '1996-04-15 08:25:21', '1996-04-15 08:25:27', 1),
(218, 'Ibu Cocktail', 'Alle Zutaten außer Sekt zusammen im Shaker mit Eis schütteln und in das Glas seihen. Mit Sekt auffüllen. Die Orangenscheibe an den Glasrand stecken.', NULL, NULL, NULL, NULL, 0.22333333333333336, '1996-04-15 08:25:21', '1996-04-15 08:25:27', 1),
(219, 'Haute Couture', 'Zusammenrühren.', NULL, NULL, NULL, NULL, 0.39666666666666667, '1996-04-15 08:25:21', '1996-04-15 08:25:27', 1),
(220, 'Brandy Flip', 'Zusammenrühren. Mit Muskat bestreuen.', NULL, 6, 5, NULL, 0.4292682926829269, '1996-04-15 08:25:21', '1996-04-15 08:25:27', 1),
(221, 'Red Moon', 'Mit Eis shaken und im Glas mit Sekt auffüllen. Die Kirsche am Sticker ins Glas geben.', NULL, NULL, NULL, NULL, 0.1142857142857143, '1996-04-15 08:25:21', '1996-04-15 08:25:27', 1),
(222, 'Ritz Cocktail', 'Im Shaker mit Eis schütteln. Den Glasrand mit der Orangenscheibe dekorieren.', NULL, NULL, NULL, NULL, 0.26666666666666666, '1996-04-15 08:25:21', '1996-04-15 08:25:27', 1),
(223, 'French Connection', 'Mit Eis zusammenrühren.', NULL, NULL, NULL, NULL, 0.325, '1996-04-15 08:25:21', '1996-04-15 08:25:27', 1),
(224, 'Between the sheets', 'Im Shaker schütteln.', NULL, NULL, NULL, NULL, 0.39933444259567397, '1996-04-15 08:25:21', '1996-04-15 08:25:27', 1),
(225, 'Moonlight', 'Alle Zutaten außer Kaffee und Sahne zusammen im Rührglas mit Eis verrühren und  in das Cocktailglas seihen. Den kalten Kaffee dazugeben, umrühren und die Sahne auf das Getränk fließen lassen. Den Drink mit einer Mandarinenschale abspritzen. Eine Orangenschalenspirale über den Glasrand hängen.', NULL, NULL, NULL, NULL, 0.10833333333333334, '1996-04-15 08:25:21', '1996-04-15 08:25:27', 1),
(226, 'Nikolaschka', 'Den Weinbrand in das Glas geben, die Zitronenscheibe auf den Glasrand legen und je zur Hälfte mit Zucker und gemahlenem Kaffee bestreuen.', NULL, NULL, NULL, NULL, 0.38095238095238104, '1996-04-15 08:25:21', '1996-04-15 08:25:27', 1),
(227, 'Olympic', 'Alles mit Eis shaken.', NULL, NULL, NULL, NULL, 0.13333333333333333, '1996-04-15 08:25:21', '1996-04-15 08:25:27', 1),
(228, 'Pisco Sour', 'Alle Zutaten mit Eis shaken und in ein Glas mit Zuckerrand seihen. Eine Zitronenscheibe und eine Kirsche an den Glasrand stecken.', NULL, NULL, NULL, NULL, 0.2644628099173554, '1996-04-15 08:25:21', '1996-04-15 08:25:27', 1),
(229, 'Queen Mary', 'Alle Zutaten shaken und mit Kirsche am Glasrand servieren.', NULL, 15, NULL, NULL, 0.3990863787375416, '1996-04-15 08:25:21', '1996-04-15 08:25:27', 1),
(230, 'B and P', 'Alle Zutaten mit Eis im Glas verrühren.', NULL, NULL, NULL, NULL, 0.345, '1996-04-15 08:25:21', '1996-04-15 08:25:27', 1),
(231, 'Saratoga', 'Alle Zutaten mit Eis shaken und in das Cocktailglas seihen.', NULL, NULL, NULL, NULL, 0.43564356435643575, '1996-04-15 08:25:21', '1996-04-15 08:25:27', 1),
(232, 'Brandy Zoom', 'Alle Zutaten mit Eis shaken und in das Cocktailglas seihen.', NULL, NULL, NULL, NULL, 0.40930232558139534, '1996-04-15 08:25:21', '1996-04-15 08:25:27', 1),
(233, 'Coronado', 'Alle Zutaten mit Eis shaken und in das Cocktailglas seihen. Mit Schokoplätzchen und Schokoladenraspeln garnieren.', NULL, NULL, NULL, NULL, 0.19363636363636363, '1996-04-15 08:25:21', '1996-04-21 08:24:06', 1),
(234, 'Lady be good', 'Alle Zutaten mit Eis shaken und in das Cocktailglas seihen.', NULL, NULL, NULL, NULL, 0.22827868852459016, '1996-04-15 08:25:21', '1996-04-15 08:25:27', 1),
(235, 'Rolls Royce', 'Alle Zutaten mit Eis shaken und in das Cocktailglas seihen.', NULL, NULL, NULL, NULL, 0.28, '1996-04-15 08:25:21', '1996-04-15 08:25:27', 1),
(236, 'Queen Elizabeth', 'Alle Zutaten mit Eis shaken und in das Cocktailglas seihen.', NULL, NULL, NULL, NULL, 0.34074074074074073, '1996-04-15 08:25:21', '1996-04-15 08:25:27', 1),
(237, 'Cognac Flip', 'Alle Zutaten mit Eis shaken und in das Cocktailglas seihen.', NULL, NULL, NULL, NULL, 0.3934426229508198, '1996-04-15 08:25:21', '1996-04-21 08:24:06', 1),
(238, 'East India', 'Alle Zutaten mit Eis shaken und in das Cocktailglas seihen. Mit einer Kirsche im Glas servieren.', NULL, NULL, NULL, NULL, 0.21963394342762066, '1996-04-15 08:25:21', '1996-04-15 08:25:27', 1),
(239, 'New Orleans Side Car', 'Alle Zutaten mit Eis shaken und in das Cocktailglas seihen.', NULL, NULL, NULL, NULL, 0.23988603988603993, '1996-04-15 08:25:21', '1996-04-15 08:25:27', 1),
(251, 'Bacardi Martini', 'Eiswürfel, Rum und Vermouth in ein Rührglas geben, rühren und in ein Cocktailglas abseihen.', NULL, 15, NULL, NULL, 0.2833333333333334, NULL, NULL, 1),
(252, 'Scottish Surprise', 'Alle Zutaten in einen Shaker geben und schütteln. Anschließend in einen Tumbler abseihen.', NULL, 8, NULL, NULL, 0.1332223147377186, NULL, NULL, 1),
(253, 'Aperitif Normandie', 'Die Zutaten zusammen in ein Cocktailglas geben.', NULL, 15, NULL, NULL, 0.1, NULL, NULL, 1),
(254, 'Snow Ball', 'Ein paar Eiswürfel zusammen mit dem Wodka,\r\nAmeretto und der Sahne in den Shaker geben und gut schütteln. Schließlich alles in ein Whiskyglas abseihen und mit Muskatnuß garnieren', NULL, 6, NULL, NULL, 0.2625, NULL, NULL, 1),
(255, 'Blue Hawaii', 'Alle Zutaten mit einigen Eiswürfeln im Shaker schütteln.', NULL, 15, NULL, NULL, 0.17500000000000002, NULL, NULL, 1),
(256, 'Southern Sunset', 'Die Zutaten mit etwas Eis in den Shaker geben und gut schütteln.', NULL, 15, NULL, NULL, 0.31936127744510984, NULL, NULL, 1),
(257, 'Martini', 'Gin und Vermouth in einem Rührbecher umrühren, und in ein Glas geben. Die Olive hinzufügen', NULL, 15, NULL, NULL, 0.30833333333333335, NULL, NULL, 1),
(258, 'Tequila Matador', 'Alle Zutaten im Shaker gut schütteln.', NULL, 15, NULL, NULL, 0.2, NULL, NULL, 1),
(259, 'Carribbean Sea', 'Die Zutaten im Shaker gut schütteln und in ein halb mit Eis gefülltes Glas geben. Mit dem Stück Ananas, der Cocktailkirsche und dem Minzezweig verzieren.', NULL, 9, NULL, NULL, 0.13333333333333333, NULL, NULL, 1),
(260, 'Rob Roy', 'Whisky, Vermouth und Angostura mit etwas Eis in ein Rührbecher geben und rühren.', NULL, 15, NULL, NULL, 0.34941763727121466, NULL, NULL, 1),
(261, 'Hemingway', 'Die Zutaten mit fein zerstoßenem Eis in einen Shaker geben, und gut schütteln.', NULL, 4, NULL, NULL, 0.39024390243902446, NULL, NULL, 1),
(262, 'Victor', 'Alle Zutaten im Shaker gut schütteln.', NULL, 15, NULL, NULL, 0.34272727272727277, NULL, NULL, 1),
(263, 'Bermuda Highball', 'Gin, Vermouth und Weinbrand mit etwas Eis in ein Longdrinkglas geben und umrühren. Anschließend mit Ginger Ale auffüllen.', NULL, 9, NULL, NULL, 0.35000000000000003, NULL, NULL, 1),
(264, 'Hurricane', 'Die Zutaten in einen Shaker geben und schütteln. Ales in ein halbvolles mit Eis gefülltes Glas geben.', NULL, 9, NULL, NULL, 0.21818181818181823, NULL, NULL, 1),
(265, 'Southern Ginger', 'Den Southern Comfort mit Eis in ein Glas geben, und mit dem Ginger Ale auffüllen.', NULL, 9, NULL, NULL, 0.4, NULL, NULL, 1),
(266, 'Scorpion Lady', 'Die Zutaten mit etwas Eis in einen Mixer geben und mixen.', NULL, 4, NULL, NULL, 0.1913793103448276, NULL, NULL, 1),
(267, 'Acapulco', 'Die Zutaten in einen Shaker geben und gut schütteln.', NULL, 9, NULL, NULL, 0.22535211267605637, NULL, NULL, 1),
(268, 'Amaretto Tea', 'Heißer Tee, Zucker und Amaretto in ein Glas geben, und die Sahne obendrauf setzen.', NULL, 10, NULL, NULL, 0, NULL, NULL, 1),
(269, 'French Cooler', 'Ein paar Eiswürfel mit dem Cognac, dem Orangenlikör und einem Spritzer Mineralwasser in ein Glas geben und umrühren. Nun mit Mineralwasser auffüllen.', NULL, 9, NULL, NULL, 0.325, NULL, NULL, 1),
(270, 'Red Sunshine', 'Gin, Crème de Cassis, Zitronensaft mit etwas Eis im Shaker gut schütteln. In ein Glas geben, und dieses mit Sodawasse auffüllen', NULL, 9, NULL, NULL, 0.24285714285714288, NULL, NULL, 1);

-- --------------------------------------------------------

--
-- Tabellenstruktur für Tabelle `tblcocktailkategorie`
--

CREATE TABLE `tblcocktailkategorie` (
  `CocktailNr` int(11) NOT NULL,
  `KategorieNr` int(11) NOT NULL
) ENGINE=InnoDB DEFAULT CHARSET=utf8 COLLATE=utf8_bin;

--
-- Daten für Tabelle `tblcocktailkategorie`
--

INSERT INTO `tblcocktailkategorie` (`CocktailNr`, `KategorieNr`) VALUES
(127, 3),
(127, 5),
(127, 6),
(128, 1),
(128, 3),
(128, 5),
(128, 6),
(133, 6),
(134, 3),
(138, 4),
(139, 4),
(170, 4);

-- --------------------------------------------------------

--
-- Tabellenstruktur für Tabelle `tblcocktailzutaten`
--

CREATE TABLE `tblcocktailzutaten` (
  `CocktailZutatenNr` int(11) NOT NULL,
  `CocktailNr` int(11) DEFAULT NULL,
  `ZutatenNr` int(11) DEFAULT NULL,
  `Menge` double DEFAULT NULL,
  `EinheitenNr` int(11) DEFAULT NULL
) ENGINE=InnoDB DEFAULT CHARSET=utf8 COLLATE=utf8_bin;

--
-- Daten für Tabelle `tblcocktailzutaten`
--

INSERT INTO `tblcocktailzutaten` (`CocktailZutatenNr`, `CocktailNr`, `ZutatenNr`, `Menge`, `EinheitenNr`) VALUES
(606, 121, 54, 4, 1),
(607, 121, 2, 1, 1),
(608, 121, 3, 1, 1),
(609, 121, 4, 0, 19),
(610, 121, 5, 0, 19),
(611, 122, 8, 5, 1),
(612, 122, 3, 1, 1),
(613, 122, 10, 12, 1),
(614, 122, 9, 3, 11),
(615, 122, 11, 2, 11),
(616, 122, 12, 1, 8),
(617, 122, 13, 1, 8),
(618, 122, 4, 0, 19),
(619, 123, 76, 4, 1),
(620, 123, 15, 10, 1),
(621, 123, 4, 0, 19),
(622, 123, 16, 0, 19),
(623, 124, 17, 3, 1),
(624, 124, 18, 6, 1),
(625, 124, 4, 0, 1),
(626, 125, 46, 2, 1),
(627, 125, 47, 8, 1),
(628, 126, 46, 2, 1),
(629, 126, 48, 8, 1),
(630, 127, 26, 6, 1),
(631, 127, 29, 12, 1),
(632, 127, 30, 5, 1),
(633, 127, 21, 2, 1),
(634, 127, 31, 0, 19),
(635, 127, 32, 0, 19),
(636, 127, 25, 0, 19),
(637, 128, 29, 16, 1),
(638, 128, 21, 2, 1),
(639, 128, 30, 4, 1),
(640, 128, 4, 0, 19),
(641, 128, 31, 0, 19),
(642, 128, 32, 0, 19),
(643, 129, 33, 6, 1),
(644, 129, 3, 1, 1),
(645, 129, 18, 12, 1),
(646, 129, 7, 2, 1),
(647, 129, 5, 0, 19),
(648, 129, 4, 0, 19),
(649, 130, 54, 2, 1),
(650, 130, 40, 6, 1),
(651, 130, 4, 0, 19),
(652, 130, 16, 0, 19),
(653, 131, 43, 4, 1),
(654, 131, 44, 12, 1),
(655, 131, 53, 5, 1),
(656, 131, 21, 0, 19),
(657, 132, 54, 5, 1),
(658, 132, 3, 3, 1),
(659, 132, 28, 1, 1),
(660, 132, 35, 10, 1),
(661, 132, 4, 0, 19),
(662, 132, 16, 0, 19),
(663, 133, 33, 3, 1),
(664, 133, 29, 4, 1),
(665, 133, 3, 1, 1),
(666, 133, 25, 0, 19),
(667, 134, 30, 1, 1),
(668, 134, 21, 4, 1),
(669, 134, 71, 2, 1),
(670, 134, 82, 0, 1),
(671, 134, 4, 0, 1),
(672, 135, 55, 2, 1),
(673, 135, 54, 5, 1),
(674, 135, 56, 0, 19),
(675, 136, 21, 2, 1),
(676, 136, 83, 4, 1),
(677, 136, 29, 2, 1),
(678, 137, 54, 4, 1),
(679, 137, 38, 1, 1),
(680, 137, 39, 1, 8),
(681, 138, 3, 2, 1),
(682, 138, 28, 1, 1),
(683, 138, 74, 4, 1),
(684, 138, 75, 0, 19),
(685, 139, 3, 2, 1),
(686, 139, 45, 1, 19),
(687, 139, 57, 2, 17),
(689, 139, 76, 4, 1),
(690, 139, 75, 0, 19),
(691, 140, 76, 5, 1),
(692, 140, 77, 0, 19),
(693, 140, 78, 0, 19),
(694, 141, 3, 2, 1),
(695, 141, 57, 1, 17),
(696, 141, 7, 1, 8),
(697, 141, 79, 5, 1),
(698, 142, 3, 1, 1),
(699, 142, 24, 2, 1),
(700, 142, 18, 4, 1),
(701, 142, 8, 3, 1),
(702, 143, 29, 4, 1),
(703, 143, 80, 2, 1),
(704, 143, 21, 2, 1),
(705, 143, 8, 6, 1),
(706, 143, 31, 0, 1),
(707, 143, 81, 0, 1),
(708, 144, 6, 6, 1),
(709, 144, 21, 2, 1),
(710, 144, 80, 2, 1),
(711, 144, 82, 2, 1),
(712, 136, 36, 2, 1),
(713, 136, 17, 5, 1),
(714, 136, 25, 0, 1),
(715, 145, 26, 5, 1),
(716, 145, 15, 0, 1),
(717, 145, 85, 0, 1),
(718, 145, 4, 0, 1),
(719, 146, 86, 2, 1),
(720, 146, 28, 1, 1),
(721, 146, 26, 5, 1),
(722, 146, 4, 0, 19),
(723, 147, 3, 1, 1),
(724, 147, 87, 1, 1),
(725, 147, 88, 1, 1),
(726, 147, 89, 1, 1),
(727, 147, 48, 0, 19),
(728, 147, 4, 0, 19),
(729, 148, 90, 2.5, 1),
(730, 148, 51, 3, 1),
(731, 148, 39, 1, 8),
(732, 148, 73, 0, 19),
(733, 149, 86, 2, 1),
(734, 149, 57, 1, 17),
(735, 149, 7, 1, 8),
(736, 149, 26, 3, 1),
(737, 149, 88, 1, 1),
(738, 149, 85, 0, 19),
(739, 149, 4, 0, 19),
(740, 149, 25, 0, 19),
(741, 150, 21, 1, 1),
(742, 150, 80, 2, 1),
(743, 150, 29, 4, 1),
(744, 150, 18, 2, 1),
(745, 150, 91, 1, 1),
(746, 150, 8, 3, 1),
(747, 150, 26, 3, 1),
(748, 150, 31, 0, 19),
(749, 150, 4, 0, 19),
(750, 150, 25, 0, 19),
(751, 151, 50, 4, 1),
(752, 151, 92, 2, 1),
(753, 151, 52, 0, 8),
(754, 151, 72, 0, 19),
(755, 151, 4, 0, 19),
(756, 152, 3, 2, 1),
(757, 152, 93, 2, 1),
(758, 152, 33, 0, 1),
(759, 152, 4, 0, 19),
(760, 153, 3, 2, 1),
(761, 153, 18, 1, 1),
(762, 153, 89, 0, 1),
(763, 153, 75, 0, 19),
(764, 153, 4, 0, 19),
(765, 154, 3, 2, 1),
(766, 154, 28, 1, 1),
(767, 154, 8, 4, 1),
(768, 154, 75, 0, 19),
(769, 155, 3, 4, 1),
(770, 155, 7, 2, 8),
(771, 155, 94, 2, 1),
(772, 155, 95, 2, 1),
(773, 155, 26, 2, 1),
(774, 155, 88, 6, 1),
(775, 155, 96, 2, 1),
(776, 155, 4, 0, 19),
(777, 155, 25, 0, 19),
(778, 156, 54, 4, 1),
(779, 156, 97, 1, 8),
(780, 156, 85, 0, 19),
(781, 157, 54, 4, 1),
(782, 157, 98, 1, 1),
(783, 157, 72, 0, 19),
(784, 158, 21, 2, 1),
(785, 158, 80, 2, 1),
(786, 158, 29, 4, 1),
(787, 158, 46, 1, 1),
(788, 158, 100, 2, 1),
(789, 158, 26, 4, 1),
(790, 158, 31, 0, 19),
(791, 158, 4, 0, 19),
(792, 158, 25, 0, 19),
(793, 159, 3, 2, 1),
(794, 159, 57, 1, 17),
(795, 159, 101, 1, 1),
(796, 159, 76, 4, 1),
(797, 159, 5, 0, 19),
(798, 159, 75, 0, 19),
(799, 160, 3, 2, 1),
(800, 160, 28, 1, 1),
(801, 160, 54, 5, 1),
(802, 160, 35, 0, 19),
(803, 161, 75, 0, 19),
(804, 160, 16, 0, 19),
(805, 160, 4, 0, 19),
(806, 161, 3, 2, 1),
(807, 161, 28, 1, 1),
(808, 161, 26, 5, 1),
(809, 161, 35, 0, 19),
(810, 161, 75, 0, 19),
(811, 161, 16, 0, 19),
(812, 161, 4, 0, 19),
(813, 162, 3, 2, 1),
(814, 162, 28, 1, 1),
(815, 162, 88, 5, 1),
(816, 162, 35, 0, 19),
(817, 162, 75, 0, 19),
(818, 162, 16, 0, 19),
(819, 162, 4, 0, 19),
(820, 163, 3, 2, 1),
(821, 163, 28, 1, 1),
(822, 163, 50, 5, 1),
(823, 163, 35, 0, 1),
(824, 163, 75, 0, 1),
(825, 163, 16, 0, 1),
(826, 163, 4, 0, 1),
(827, 164, 3, 2, 1),
(828, 164, 28, 1, 1),
(829, 164, 102, 5, 1),
(830, 164, 35, 0, 19),
(831, 164, 75, 0, 19),
(832, 164, 16, 0, 19),
(833, 164, 4, 0, 19),
(834, 165, 3, 2, 1),
(835, 165, 28, 1, 1),
(836, 165, 103, 5, 1),
(837, 165, 35, 0, 19),
(838, 165, 75, 0, 19),
(839, 165, 16, 0, 19),
(840, 165, 4, 0, 19),
(841, 166, 3, 2, 1),
(842, 166, 28, 1, 1),
(843, 166, 100, 5, 1),
(844, 166, 35, 0, 19),
(845, 166, 75, 0, 19),
(846, 166, 16, 0, 19),
(847, 166, 4, 0, 19),
(848, 168, 3, 2, 1),
(849, 168, 28, 1, 1),
(850, 168, 33, 5, 1),
(851, 168, 35, 0, 19),
(852, 168, 75, 0, 19),
(853, 168, 16, 0, 19),
(854, 168, 4, 0, 19),
(855, 167, 3, 2, 1),
(856, 167, 28, 1, 1),
(857, 167, 104, 5, 1),
(858, 167, 35, 0, 19),
(859, 167, 75, 0, 19),
(860, 167, 16, 0, 19),
(861, 167, 4, 0, 19),
(862, 169, 3, 2, 1),
(863, 169, 57, 1, 17),
(864, 169, 7, 2, 8),
(865, 169, 18, 2, 1),
(866, 169, 54, 4, 1),
(867, 169, 4, 0, 19),
(868, 170, 3, 2, 1),
(869, 170, 57, 1, 17),
(870, 170, 28, 1, 1),
(871, 170, 54, 4, 1),
(872, 170, 75, 0, 19),
(873, 170, 4, 0, 19),
(874, 171, 3, 4, 1),
(875, 171, 18, 6, 1),
(876, 171, 105, 6, 1),
(877, 171, 106, 2, 6),
(878, 171, 4, 0, 19),
(879, 171, 107, 0, 19),
(880, 172, 108, 2, 1),
(881, 172, 109, 1, 1),
(882, 172, 3, 2, 1),
(883, 172, 110, 8, 1),
(884, 172, 111, 8, 1),
(885, 172, 16, 0, 19),
(886, 172, 112, 0, 19),
(887, 172, 113, 0, 19),
(888, 172, 114, 0, 19),
(889, 172, 32, 0, 19),
(890, 172, 4, 0, 19),
(891, 173, 115, 150, 9),
(892, 173, 3, 2, 1),
(893, 173, 116, 2, 1),
(894, 173, 109, 1, 1),
(895, 173, 117, 0, 19),
(896, 173, 32, 0, 19),
(897, 173, 4, 0, 19),
(898, 174, 108, 2, 1),
(899, 174, 118, 2, 1),
(900, 174, 21, 2, 1),
(901, 174, 29, 140, 9),
(902, 174, 16, 0, 19),
(903, 174, 119, 0, 19),
(904, 174, 31, 0, 19),
(905, 174, 32, 0, 19),
(906, 175, 7, 1, 1),
(907, 175, 118, 2, 1),
(908, 175, 21, 2, 1),
(909, 175, 18, 8, 1),
(910, 175, 29, 8, 1),
(911, 175, 120, 0, 1),
(912, 175, 32, 0, 1),
(913, 176, 3, 2, 1),
(914, 176, 42, 2, 1),
(915, 176, 29, 6, 1),
(916, 176, 94, 10, 1),
(917, 176, 121, 0, 1),
(918, 177, 122, 2, 1),
(919, 177, 118, 2, 1),
(920, 177, 3, 1, 1),
(921, 177, 18, 8, 1),
(922, 177, 29, 8, 1),
(923, 177, 123, 0, 1),
(924, 177, 32, 0, 1),
(925, 178, 22, 1, 4),
(926, 178, 21, 1, 1),
(927, 178, 87, 1, 1),
(928, 178, 6, 4, 1),
(929, 178, 18, 120, 9),
(930, 178, 124, 0, 19),
(931, 179, 18, 150, 9),
(932, 179, 125, 100, 9),
(933, 179, 126, 2, 1),
(934, 179, 127, 0, 19),
(935, 179, 32, 0, 19),
(936, 180, 3, 1, 1),
(937, 180, 13, 2, 8),
(938, 180, 12, 3, 8),
(939, 180, 10, 200, 9),
(940, 180, 9, 0, 19),
(941, 180, 11, 0, 19),
(942, 181, 129, 150, 9),
(943, 181, 122, 4, 1),
(944, 181, 3, 2, 1),
(945, 181, 121, 0, 19),
(946, 181, 123, 0, 19),
(947, 181, 4, 0, 19),
(948, 182, 16, 1, 19),
(949, 182, 131, 2, 1),
(950, 182, 26, 6, 1),
(951, 182, 87, 4, 1),
(952, 182, 123, 0, 19),
(953, 182, 4, 0, 19),
(954, 183, 76, 4, 1),
(955, 183, 85, 0, 19),
(956, 183, 7, 0, 8),
(957, 183, 4, 0, 19),
(958, 184, 132, 1, 19),
(959, 184, 52, 1, 8),
(960, 184, 76, 5, 1),
(961, 184, 35, 0, 19),
(962, 184, 75, 0, 19),
(963, 184, 117, 0, 19),
(964, 184, 121, 0, 19),
(965, 184, 4, 0, 19),
(966, 185, 2, 1, 1),
(967, 185, 18, 4, 1),
(968, 185, 54, 4, 1),
(969, 185, 4, 0, 19),
(970, 186, 21, 1, 1),
(971, 186, 26, 4, 1),
(972, 186, 86, 0, 8),
(973, 186, 7, 1, 8),
(974, 186, 4, 0, 19),
(975, 187, 100, 2, 1),
(976, 187, 93, 1, 1),
(977, 187, 18, 2, 1),
(978, 187, 48, 0, 19),
(979, 187, 4, 0, 19),
(980, 188, 54, 3, 1),
(981, 188, 70, 2, 1),
(982, 188, 18, 4, 1),
(983, 188, 3, 1, 1),
(984, 188, 7, 1, 8),
(985, 189, 102, 4, 1),
(986, 189, 41, 2, 1),
(987, 189, 4, 0, 19),
(988, 190, 8, 4, 1),
(989, 190, 18, 10, 1),
(990, 190, 4, 0, 19),
(991, 190, 117, 0, 19),
(992, 191, 97, 1, 1),
(993, 191, 74, 4, 1),
(994, 191, 3, 2, 1),
(995, 191, 4, 0, 19),
(996, 192, 54, 5, 1),
(997, 192, 133, 2, 1),
(998, 192, 7, 1, 7),
(999, 192, 134, NULL, 19),
(1000, 192, 35, 0, 19),
(1001, 192, 135, 0, 19),
(1002, 192, 32, 0, 19),
(1003, 193, 33, 4, 1),
(1004, 193, 69, 1, 1),
(1005, 193, 85, 0, 19),
(1006, 193, 35, 0, 19),
(1007, 193, 25, 0, 19),
(1008, 143, 25, 0, 1),
(1009, 175, 4, 0, 1),
(1010, 177, 4, 0, 1),
(1011, 144, 4, 0, 1),
(1012, 144, 25, 0, 1),
(1013, 137, 4, NULL, 19),
(1014, 141, 4, 0, 19),
(1015, 139, 4, 0, 19),
(1016, 140, 4, 0, 19),
(1017, 138, 4, 0, 19),
(1018, 176, 4, 0, 1),
(1019, 142, 4, 0, 1),
(1020, 159, 4, 0, 19),
(1021, 182, 25, 0, 19),
(1022, 194, 26, 5, 1),
(1023, 194, 136, 1, 1),
(1024, 194, 57, 1, 17),
(1025, 194, 85, 0, 19),
(1026, 194, 137, 0, 19),
(1027, 194, 25, 0, 19),
(1028, 188, 4, 0, 19),
(1029, 192, 4, 0, 19),
(1030, 174, 4, 0, 19),
(1031, 180, 128, 0, 19),
(1032, 135, 4, 0, 19),
(1033, 195, 92, 2, 1),
(1034, 195, 51, 1, 1),
(1035, 195, 54, 2, 1),
(1036, 195, 39, 1, 8),
(1037, 196, 92, 2, 1),
(1038, 196, 54, 2, 1),
(1039, 196, 3, 0, 8),
(1040, 196, 138, 0, 8),
(1041, 196, 2, 0, 8),
(1042, 196, 4, 0, 19),
(1043, 197, 92, 2, 1),
(1044, 197, 54, 2, 1),
(1045, 197, 98, 0, 8),
(1046, 197, 69, 1, 8),
(1047, 197, 4, 0, 19),
(1048, 198, 139, 3, 1),
(1049, 198, 60, 1, 1),
(1050, 198, 140, 1, 18),
(1051, 198, 53, 0, 19),
(1052, 198, 21, 0, 19),
(1053, 199, 54, 5, 1),
(1054, 199, 92, 1, 8),
(1055, 199, 141, 0, 19),
(1056, 199, 4, 0, 19),
(1057, 200, 3, 2, 1),
(1058, 200, 54, 2, 1),
(1059, 200, 97, 1, 1),
(1060, 200, 57, 1, 17),
(1061, 200, 48, 0, 19),
(1062, 200, 4, 0, 19),
(1063, 201, 54, 4, 1),
(1064, 201, 142, 0, 8),
(1065, 201, 72, 0, 19),
(1066, 202, 61, 2, 1),
(1067, 202, 108, 2, 1),
(1068, 202, 48, 0, 19),
(1069, 202, 73, 0, 19),
(1070, 203, 18, 2, 1),
(1071, 203, 88, 2, 1),
(1072, 203, 3, 0, 8),
(1073, 203, 42, 0, 8),
(1074, 203, 48, 0, 19),
(1075, 203, 4, 0, 19),
(1076, 204, 74, 2, 1),
(1077, 204, 3, 1, 1),
(1078, 204, 52, 1, 8),
(1079, 204, 28, 0, 8),
(1080, 204, 7, 1, 8),
(1081, 204, 48, 0, 19),
(1082, 204, 4, 0, 19),
(1083, 205, 8, 3, 1),
(1084, 205, 89, 3, 1),
(1085, 205, 21, 2, 1),
(1086, 205, 16, 1, 8),
(1087, 206, 8, 2, 1),
(1088, 206, 57, 1, 17),
(1089, 206, 117, 1, 4),
(1090, 206, 70, 1, 8),
(1091, 207, 54, 2, 1),
(1092, 207, 2, 1, 1),
(1093, 207, 3, 1, 1),
(1094, 208, 143, 3, 1),
(1095, 208, 3, 1, 1),
(1096, 208, 28, 1, 1),
(1097, 208, 144, 6, 1),
(1098, 208, 145, 0, 1),
(1099, 208, 121, 0, 1),
(1100, 209, 7, 2, 1),
(1101, 209, 54, 2, 1),
(1102, 209, 2, 2, 1),
(1103, 209, 89, 2, 1),
(1104, 210, 63, 2, 1),
(1105, 210, 71, 2, 1),
(1106, 210, 21, 2, 1),
(1107, 211, 63, 4, 1),
(1108, 211, 21, 2, 1),
(1109, 211, 106, 1, 1),
(1110, 212, 63, 2, 1),
(1111, 212, 93, 2, 1),
(1112, 212, 3, 2, 1),
(1113, 213, 74, 3, 1),
(1114, 213, 101, 3, 1),
(1115, 214, 63, 4, 1),
(1116, 214, 69, 2, 1),
(1117, 215, 74, 2, 1),
(1118, 215, 41, 2, 1),
(1119, 215, 55, 2, 1),
(1120, 216, 100, 2, 1),
(1121, 216, 71, 2, 1),
(1122, 216, 21, 2, 1),
(1123, 217, 63, 2, 1),
(1124, 217, 147, 1, 1),
(1125, 217, 52, 1, 8),
(1126, 217, 149, 0, 19),
(1127, 217, 117, 0, 19),
(1128, 217, 121, 0, 19),
(1129, 217, 32, 2, 19),
(1130, 218, 74, 2, 1),
(1131, 218, 2, 2, 1),
(1132, 218, 18, 2, 1),
(1133, 218, 149, 0, 19),
(1134, 219, 74, 2, 1),
(1135, 219, 101, 2, 1),
(1136, 219, 150, 2, 1),
(1137, 220, 74, 4, 1),
(1138, 220, 28, 2, 17),
(1139, 220, 22, 1, 19),
(1140, 221, 63, 2, 1),
(1141, 221, 151, 1, 1),
(1142, 221, 42, 4, 1),
(1143, 221, 149, 0, 19),
(1144, 221, 32, 1, 19),
(1145, 222, 63, 2, 1),
(1146, 222, 93, 2, 1),
(1147, 222, 18, 2, 1),
(1148, 222, 149, 0, 19),
(1149, 222, 117, 0, 19),
(1150, 223, 100, 3, 1),
(1151, 223, 60, 3, 1),
(1152, 224, 100, 2, 1),
(1153, 224, 26, 2, 1),
(1154, 224, 93, 2, 1),
(1155, 224, 3, 1, 8),
(1156, 225, 100, 1, 1),
(1157, 225, 152, 1, 1),
(1158, 225, 28, 1, 1),
(1159, 225, 44, 2, 1),
(1160, 225, 21, 1, 1),
(1161, 226, 63, 2, 1),
(1162, 226, 121, 1, 4),
(1163, 226, 53, 1, 17),
(1164, 226, 154, 1, 17),
(1165, 227, 63, 2, 1),
(1166, 227, 155, 2, 1),
(1167, 227, 18, 2, 1),
(1168, 228, 156, 4, 1),
(1169, 228, 3, 2, 1),
(1170, 228, 53, 1, 17),
(1171, 229, 100, 3, 1),
(1172, 229, 93, 3, 1),
(1173, 229, 157, 1, 8),
(1174, 229, 7, 1, 8),
(1175, 230, 74, 2, 1),
(1176, 230, 58, 2, 1),
(1177, 231, 74, 4, 1),
(1178, 231, 52, 2, 8),
(1179, 231, 138, 2, 8),
(1180, 232, 74, 4, 1),
(1181, 232, 106, 2, 17),
(1182, 232, 21, 4, 17),
(1183, 233, 74, 1, 1),
(1184, 233, 158, 1.5, 1),
(1185, 233, 159, 1, 1),
(1186, 233, 21, 2, 1),
(1187, 234, 74, 2, 1),
(1188, 234, 55, 2, 1),
(1189, 234, 69, 1, 17),
(1190, 234, 18, 2, 1),
(1191, 234, 7, 1, 17),
(1192, 235, 74, 2, 1),
(1193, 235, 93, 2, 1),
(1194, 235, 18, 2, 1),
(1195, 236, 74, 2, 1),
(1196, 236, 51, 2, 1),
(1197, 236, 155, 1, 17),
(1198, 237, 100, 6, 1),
(1199, 237, 22, 0, 1),
(1200, 237, 53, 0.1, 1),
(1201, 238, 74, 3, 1),
(1202, 238, 147, 1, 1),
(1203, 238, 29, 2, 1),
(1204, 238, 52, 1, 8),
(1205, 239, 74, 2, 1),
(1206, 239, 26, 2, 1),
(1207, 239, 155, 1, 1),
(1208, 239, 3, 2, 1),
(1209, 239, 160, 1, 8),
(1210, 239, 7, 1, 8),
(1216, 251, 79, 3, 1),
(1217, 251, 92, 2, 1),
(1218, 251, 56, 1, 4),
(1220, 252, 20, 4, 1),
(1221, 252, 115, 6, 1),
(1222, 252, 3, 1, 1),
(1223, 252, 7, 1, 1),
(1224, 252, 52, 1, 8),
(1225, 253, 143, 2, 1),
(1226, 253, 105, 6, 1),
(1227, 254, 8, 4, 1),
(1228, 254, 60, 2, 1),
(1229, 254, 21, 2, 1),
(1230, 254, 23, 0, 1),
(1231, 255, 79, 2, 1),
(1232, 255, 148, 2, 1),
(1234, 255, 1, 1, 1),
(1235, 255, 21, 1, 1),
(1236, 256, 89, 2, 1),
(1237, 256, 79, 2, 1),
(1238, 256, 49, 1, 1),
(1239, 256, 7, 1, 8),
(1240, 257, 54, 4, 1),
(1241, 257, 92, 1, 1),
(1242, 257, 56, 1, 4),
(1243, 258, 33, 4, 1),
(1244, 258, 29, 3, 1),
(1246, 258, 87, 1, 1),
(1247, 259, 79, 3, 1),
(1248, 259, 88, 3, 1),
(1249, 259, 148, 3, 1),
(1250, 259, 3, 2, 1),
(1251, 259, 29, 6, 1),
(1252, 259, 30, 4, 1),
(1253, 259, 31, 1, 4),
(1254, 259, 32, 1, 4),
(1255, 259, 123, 1, 4),
(1256, 260, 20, 4, 1),
(1257, 260, 51, 2, 1),
(1258, 260, 52, 1, 8),
(1259, 261, 79, 6, 1),
(1260, 261, 138, 1, 17),
(1261, 261, 3, 1, 17),
(1262, 261, 49, 1, 17),
(1263, 262, 74, 3, 1),
(1264, 262, 54, 3, 1),
(1265, 262, 51, 5, 1),
(1266, 263, 54, 2, 1),
(1267, 263, 92, 2, 1),
(1268, 263, 63, 2, 1),
(1269, 263, 77, 0, 19),
(1270, 264, 88, 4, 1),
(1271, 264, 26, 2, 1),
(1272, 264, 115, 1, 1),
(1273, 264, 18, 2, 1),
(1274, 264, 29, 2, 1),
(1275, 265, 89, 4, 1),
(1276, 265, 77, 0, 19),
(1277, 266, 26, 4, 1),
(1278, 266, 63, 2, 1),
(1279, 266, 60, 1.5, 1),
(1280, 266, 3, 3, 1),
(1281, 266, 18, 4, 1),
(1282, 267, 26, 4, 1),
(1283, 267, 155, 1, 1),
(1284, 267, 3, 2, 1),
(1285, 267, 53, 1, 17),
(1286, 267, 45, 1, 17),
(1289, 268, 191, 6, 1),
(1290, 268, 60, 4, 1),
(1292, 268, 192, 1, 7),
(1293, 268, 21, 2, 6),
(1294, 269, 100, 3, 1),
(1295, 269, 1, 3, 1),
(1297, 269, 193, 0, 19),
(1298, 270, 54, 3, 1),
(1299, 270, 46, 2, 1),
(1300, 270, 3, 2, 1),
(1301, 270, 35, 0, 19);

-- --------------------------------------------------------

--
-- Stellvertreter-Struktur des Views `tblcocktail_bild`
-- (Siehe unten für die tatsächliche Ansicht)
--
CREATE TABLE `tblcocktail_bild` (
`CocktailNr` int(11)
,`CocktailBild` mediumblob
);

-- --------------------------------------------------------

--
-- Stellvertreter-Struktur des Views `tblcocktail_ohne_bild`
-- (Siehe unten für die tatsächliche Ansicht)
--
CREATE TABLE `tblcocktail_ohne_bild` (
`CocktailNr` int(11)
,`Cocktail` varchar(50)
,`Zubereitung` mediumtext
,`Bemerkung` mediumtext
,`Glas` int(11)
,`Gruppe` int(11)
,`Alkoholgehalt` double
);

-- --------------------------------------------------------

--
-- Tabellenstruktur für Tabelle `tbleinheiten`
--

CREATE TABLE `tbleinheiten` (
  `EinheitenNr` int(11) NOT NULL,
  `Einheit` varchar(10) COLLATE utf8_bin DEFAULT NULL,
  `Umrechnung_cl` double DEFAULT NULL
) ENGINE=InnoDB DEFAULT CHARSET=utf8 COLLATE=utf8_bin;

--
-- Daten für Tabelle `tbleinheiten`
--

INSERT INTO `tbleinheiten` (`EinheitenNr`, `Einheit`, `Umrechnung_cl`) VALUES
(1, 'cl', 1),
(2, 'l', 100),
(3, 'dl', 10),
(4, 'Stk.', 1),
(5, 'Scheibe', 1),
(6, 'Eßl.', 0.1),
(7, 'Teel.', 0.05),
(8, 'Spritzer', 0.01),
(9, 'ml', 0.1),
(10, 'Päckchen', 1),
(11, 'g', 1),
(12, 'Prise', 1),
(13, 'Pint', 0.4),
(14, 'Cup', 2),
(15, 'Teaspoon', 0.05),
(16, 'Spoon', 0.1),
(17, 'Barlöffel', 0.05),
(18, 'Tasse', 2),
(19, '-', 1),
(20, 'Tropfen', 1);

-- --------------------------------------------------------

--
-- Tabellenstruktur für Tabelle `tblglas`
--

CREATE TABLE `tblglas` (
  `GlasNr` int(11) NOT NULL,
  `Glas` varchar(50) COLLATE utf8_bin DEFAULT NULL,
  `GlasBild` mediumblob
) ENGINE=InnoDB DEFAULT CHARSET=utf8 COLLATE=utf8_bin;

--
-- Daten für Tabelle `tblglas`
--

INSERT INTO `tblglas` (`GlasNr`, `Glas`, `GlasBild`) VALUES
(1, 'Ballonglas', NULL),
(2, 'Sherry-/Südweinglas', NULL),
(3, 'Sourglas', NULL),
(4, 'Sektkelch', NULL),
(5, 'Martiniglas', NULL),
(6, 'Whiskeyglas', NULL),
(7, 'kleines Becherglas', NULL),
(8, 'großes Becherglas', NULL),
(9, 'Longdrinkglas', NULL),
(10, 'Irish-Coffee-Glas', NULL),
(11, 'Aperitifglas', NULL),
(12, 'Cocktailschale', NULL),
(13, 'Schnapsglas', NULL),
(14, 'Pousse-Café-Glas', NULL),
(15, 'Cocktailglas', NULL),
(16, 'Rührglas', NULL);

-- --------------------------------------------------------

--
-- Tabellenstruktur für Tabelle `tblgruppe`
--

CREATE TABLE `tblgruppe` (
  `GruppeNr` int(11) NOT NULL,
  `Gruppe` varchar(50) COLLATE utf8_bin DEFAULT NULL
) ENGINE=InnoDB DEFAULT CHARSET=utf8 COLLATE=utf8_bin;

--
-- Daten für Tabelle `tblgruppe`
--

INSERT INTO `tblgruppe` (`GruppeNr`, `Gruppe`) VALUES
(1, 'Fizzes'),
(2, 'Coladas'),
(3, 'Sours'),
(4, 'Alkoholfrei'),
(5, 'Flips');

-- --------------------------------------------------------

--
-- Tabellenstruktur für Tabelle `tblhausbar`
--

CREATE TABLE `tblhausbar` (
  `ZutatenNr` int(11) NOT NULL,
  `Menge` double DEFAULT NULL,
  `EinheitenNr` int(11) DEFAULT NULL,
  `Einkaufsdatum` datetime DEFAULT NULL,
  `Einkaufspreis` double DEFAULT NULL
) ENGINE=InnoDB DEFAULT CHARSET=utf8 COLLATE=utf8_bin;

--
-- Daten für Tabelle `tblhausbar`
--

INSERT INTO `tblhausbar` (`ZutatenNr`, `Menge`, `EinheitenNr`, `Einkaufsdatum`, `Einkaufspreis`) VALUES
(4, 1000, 4, NULL, 0),
(8, 1, 2, NULL, 0),
(22, 1, 2, NULL, 0),
(28, 1, 2, NULL, 0),
(38, 1, 2, NULL, 0),
(39, 1, 2, NULL, 0),
(54, 1, 2, NULL, 0),
(74, 5, 1, NULL, 0);

-- --------------------------------------------------------

--
-- Tabellenstruktur für Tabelle `tblkategorie`
--

CREATE TABLE `tblkategorie` (
  `KategorieNr` int(11) NOT NULL,
  `Kategorie` varchar(50) COLLATE utf8_bin DEFAULT NULL
) ENGINE=InnoDB DEFAULT CHARSET=utf8 COLLATE=utf8_bin;

--
-- Daten für Tabelle `tblkategorie`
--

INSERT INTO `tblkategorie` (`KategorieNr`, `Kategorie`) VALUES
(1, 'Alkoholfrei'),
(2, 'Hart'),
(3, 'Sahnig'),
(4, 'Sauer'),
(5, 'Süß'),
(6, 'Fruchtig');

-- --------------------------------------------------------

--
-- Tabellenstruktur für Tabelle `tblzutat`
--

CREATE TABLE `tblzutat` (
  `ZutatenNr` int(11) NOT NULL,
  `Zutat` varchar(50) COLLATE utf8_bin DEFAULT NULL,
  `Alkoholgehalt` double DEFAULT NULL,
  `Art` varchar(50) COLLATE utf8_bin DEFAULT NULL,
  `Alternativ` int(11) DEFAULT NULL
) ENGINE=InnoDB DEFAULT CHARSET=utf8 COLLATE=utf8_bin;

--
-- Daten für Tabelle `tblzutat`
--

INSERT INTO `tblzutat` (`ZutatenNr`, `Zutat`, `Alkoholgehalt`, `Art`, `Alternativ`) VALUES
(1, 'Orangenlikör', 0.25, 'Diverses', NULL),
(2, 'Apricot Brandy', 0.23, 'Spirituose', NULL),
(3, 'Zitronensaft', 0, 'Saft', 16),
(4, 'Eiswürfel', 0, 'Eis', NULL),
(5, 'Orangen', 0, 'Früchte', 114),
(6, 'Milch', 0, 'Diverses', 21),
(7, 'Grenadinesirup', 0, 'Saft', NULL),
(8, 'Wodka', 0.4, 'Spirituose', 54),
(9, 'Pfeffer', 0, 'Diverses', NULL),
(10, 'Tomatensaft', 0, 'Saft', NULL),
(11, 'Selleriesalz', 0, 'Diverses', NULL),
(12, 'Worcestersauce', 0, 'Diverses', NULL),
(13, 'Tabasco', 0, 'Diverses', NULL),
(15, 'Cola', 0, 'Saft', NULL),
(16, 'Zitrone', 0, 'Dekoration', NULL),
(17, 'Campari', 0.25, 'Spirituose', NULL),
(18, 'Orangensaft', 0, 'Saft', NULL),
(19, 'Bailey´s Irish Cream', 0.2, 'Spirituose', NULL),
(20, 'Scotch Whisky', 0.4, 'Spirituose', 103),
(21, 'Sahne', 0, 'Diverses', 6),
(22, 'Eigelb', 0, 'Diverses', NULL),
(23, 'Muskatnuß', 0, 'Diverses', 124),
(24, 'Eierlikör', 0, 'Spirituose', NULL),
(25, 'gestoßenes Eis', 0, 'Eis', 4),
(26, 'Rum weiß', 0.4, 'Spirituose', 79),
(27, 'Grüne Banane', 0, 'Dekoration', NULL),
(28, 'Zuckersirup', 0, 'Diverses', 53),
(29, 'Ananassaft', 0, 'Saft', NULL),
(30, 'Cream of Coconut', 0.2, 'Spirituose', NULL),
(31, 'Ananas', 0, 'Dekoration', NULL),
(32, 'Cocktailkirschen', 0, 'Dekoration', NULL),
(33, 'Tequila (weiß)', 0.4, 'Spirituose', 54),
(34, 'Zitronenlimonade', 0, 'Saft', 3),
(35, 'Sodawasser', 0, 'Saft', NULL),
(36, 'Schokoladensirup', 0, 'Saft', NULL),
(37, 'Schokoraspeln', 0, 'Dekoration', NULL),
(38, 'Chartreuse', 0.4, 'Spirituose', NULL),
(39, 'Orange-Bitter', 0, 'Saft', NULL),
(40, 'Tonic Water', 0, 'Saft', NULL),
(41, 'Drambuie', 0.4, 'Spirituose', NULL),
(42, 'Maracujasaft', 0, 'Saft', NULL),
(43, 'Irish Whisky', 0.4, 'Spirituose', 102),
(44, 'Kaffee', 0, 'Diverses', NULL),
(45, 'Eiweiß', 0, 'Diverses', NULL),
(46, 'Crème de Cassis', 0.25, 'Spirituose', NULL),
(47, 'Weißwein', 0.11, 'Spirituose', 149),
(48, 'Champagner', 0.11, 'Spirituose', 149),
(49, 'Grapefruitsaft', 0, 'Saft', NULL),
(50, 'Canadian Whiskey', 0.43, 'Spirituose', 76),
(51, 'Vermouth rosso', 0.25, 'Spirituose', 92),
(52, 'Angostura', 0, 'Diverses', NULL),
(53, 'Zucker', 0, 'Diverses', 28),
(54, 'Gin', 0.4, 'Spirituose', 8),
(55, 'Vermouth blanco', 0.25, 'Spirituose', 92),
(56, 'Olive', 0, 'Dekoration', NULL),
(57, 'Puderzucker', 0, 'Dekoration', NULL),
(58, 'Portwein', 0.25, 'Spirituose', NULL),
(59, 'Bordeaux', 0.11, 'Spirituose', NULL),
(60, 'Amaretto', 0.25, 'Spirituose', NULL),
(61, 'Himbeergeist', 0.4, 'Spirituose', NULL),
(62, 'Pfefferminzlikör', 0.25, 'Spirituose', 130),
(63, 'Weinbrand', 0.4, 'Spirituose', 100),
(64, 'Erdbeeren', 0, 'Diverses', NULL),
(65, 'Himbeeren', 0, 'Früchte', NULL),
(66, 'Brombeeren', 0, 'Früchte', NULL),
(67, 'Heidelbeeren', 0, 'Früchte', NULL),
(68, 'Vanilleeis', 0, 'Diverses', NULL),
(69, 'Crème de Menthe', 0.25, 'Spirituose', NULL),
(70, 'Grand Marnier', 0.43, 'Spirituose', 93),
(71, 'Crème de Cacao weiß', 0.25, 'Spirituose', NULL),
(72, 'Zitronenschalen', 0, 'Diverses', NULL),
(73, 'Orangenschalen', 0, 'Diverses', NULL),
(74, 'Brandy', 0.44, 'Spirituose', 100),
(75, 'Stielkirsche', 0, 'Dekoration', NULL),
(76, 'Bourbon Whiskey', 0.43, 'Spirituose', 102),
(77, 'Ginger Ale', 0, 'Saft', NULL),
(78, 'Zitronenspirale', 0, 'Dekoration', NULL),
(79, 'Bacardi weiß', 0.4, 'Spirituose', 26),
(80, 'Kokosnußcreme', 0, 'Saft', NULL),
(81, 'Amarenakirsche', 0, 'Dekoration', NULL),
(82, 'Bananensirup', 0, 'Saft', NULL),
(83, 'Papayasaft', 0, 'Saft', NULL),
(84, 'Cachaca', 0, 'Diverses', NULL),
(85, 'Limette', 0, 'Früchte', NULL),
(86, 'Limettensaft', 0, 'Saft', NULL),
(87, 'Rose\'s Lime Juice', 0, 'Saft', NULL),
(88, 'Rum braun', 0.4, 'Spirituose', 96),
(89, 'Southern Comfort', 0.4, 'Spirituose', 76),
(90, 'Sherry Dry', 0.25, 'Spirituose', 142),
(91, 'Galliano', 0, 'Spirituose', NULL),
(92, 'Vermouth dry', 0.25, 'Spirituose', 55),
(93, 'Cointreau', 0.4, 'Spirituose', 70),
(94, 'Blutorangensaft', 0, 'Saft', NULL),
(95, 'Cherry Heering', 0, 'Spirituose', NULL),
(96, 'Rum braun hochproz.', 0.6, 'Spirituose', 88),
(97, 'Triple sec', 0.13, 'Spirituose', NULL),
(98, 'Pernod', 0.4, 'Spirituose', NULL),
(99, 'Sirop de Cassis', 0, 'Saft', 46),
(100, 'Cognac', 0.4, 'Spirituose', 74),
(101, 'Bénédictine', 0.5, 'Spirituose', 100),
(102, 'Scotch Whisky', 0.4, 'Spirituose', 76),
(103, 'Irish Whisky', 0.4, 'Spirituose', 102),
(104, 'Apple Brandy', 0.4, 'Spirituose', 143),
(105, 'Apfelsaft', 0, 'Saft', NULL),
(106, 'Honig', 0, 'Diverses', NULL),
(107, 'Babyapfel', 0, 'Früchte', NULL),
(108, 'Curacao Blau Sirup', 0, 'Saft', NULL),
(109, 'Mandelsirup', 0, 'Saft', NULL),
(110, 'Guavennektar', 0, 'Saft', NULL),
(111, 'Guanabanektar', 0, 'Saft', NULL),
(112, 'gemahlene Mandeln', 0, 'Diverses', NULL),
(113, 'Karambolescheibe', 0, 'Früchte', NULL),
(114, 'Zwergorange', 0, 'Dekoration', 5),
(115, 'Maracujanektar', 0, 'Saft', NULL),
(116, 'Johannisbeersirup', 0, 'Saft', NULL),
(117, 'Orangenscheibe', 0, 'Dekoration', NULL),
(118, 'Kokossirup', 0, 'Saft', NULL),
(119, 'Kokosraspeln', 0, 'Dekoration', NULL),
(120, 'Bananenscheiben', 0, 'Früchte', NULL),
(121, 'Zitronenscheibe', 0, 'Dekoration', NULL),
(122, 'grüner Pfefferminzsirup', 0, 'Saft', NULL),
(123, 'Minzezweig', 0, 'Dekoration', NULL),
(124, 'Muskatpulver', 0, 'Diverses', 23),
(125, 'Buttermilch', 0, 'Saft', NULL),
(126, 'Mangosirup', 0, 'Saft', NULL),
(127, 'Mangoscheibe', 0, 'Früchte', NULL),
(128, 'Stangensellerie', 0, 'Diverses', NULL),
(129, 'kalter schwarzer Tee', 0, 'Diverses', NULL),
(130, 'Pfefferminzsirup', 0, 'Saft', 62),
(131, 'Strohrum (70%)', 0.7, 'Spirituose', 88),
(132, 'Zuckerwürfel', 0, 'Diverses', 53),
(133, 'Cherry Brandy', 0.4, 'Spirituose', 74),
(134, 'Limone', 0, 'Früchte', NULL),
(135, 'Limonenscheibe', 0, 'Diverses', NULL),
(136, 'Peach Brandy', 0.4, 'Spirituose', NULL),
(137, 'Pfirsich', 0, 'Früchte', NULL),
(138, 'Maraschino', 0, 'Diverses', NULL),
(139, 'Ital. Brandy', 0.4, 'Spirituose', 74),
(140, 'Espresso', 0, 'Diverses', NULL),
(141, 'Perlzwiebel', 0, 'Dekoration', NULL),
(142, 'Sherry Fino', 0.17, 'Spirituose', 90),
(143, 'Calvados', 0.4, 'Spirituose', 104),
(144, 'Apfelwein', 0.08, 'Spirituose', NULL),
(145, 'Miniapfel', 0, 'Dekoration', NULL),
(147, 'Curacao orange', 0, 'Spirituose', NULL),
(148, 'Curacao blue', 0, 'Spirituose', NULL),
(149, 'Sekt', 0.11, 'Spirituose', 48),
(150, 'Crème de Cacao braun', 0.25, 'Spirituose', NULL),
(151, 'Erdbeersirup', 0, 'Saft', NULL),
(152, 'Mandarinenlikör', 0.25, 'Spirituose', NULL),
(153, 'kalter schwarzer Kaffee', 0, 'Diverses', 44),
(154, 'Kaffee gemahlen', 0, 'Diverses', NULL),
(155, 'Curacao Triple sec', 0, 'Spirituose', NULL),
(156, 'Control Gran Pisco (Weinbrand)', 0.4, 'Spirituose', 74),
(157, 'Anisette', 0.25, 'Spirituose', NULL),
(158, 'Crème de Banane', 0.25, 'Spirituose', NULL),
(159, 'Pfirsichlikör', 0.25, 'Spirituose', NULL),
(160, 'Pastis', 0.4, 'Spirituose', NULL),
(190, 'Lime Juice', 0, NULL, 0),
(191, 'schwarzer Tee', 0, 'Diverses', 0),
(192, 'Zucker (braun)', 0, 'Diverses', 0),
(193, 'Mineralwasser', 0, 'Diverses', 0);

-- --------------------------------------------------------

--
-- Tabellenstruktur für Tabelle `tbplz`
--

CREATE TABLE `tbplz` (
  `IDplz` int(10) NOT NULL,
  `PLZ` varchar(5) COLLATE utf8_german2_ci DEFAULT NULL,
  `ORT` varchar(255) COLLATE utf8_german2_ci DEFAULT NULL
) ENGINE=InnoDB DEFAULT CHARSET=utf8 COLLATE=utf8_german2_ci;

--
-- Daten für Tabelle `tbplz`
--

INSERT INTO `tbplz` (`IDplz`, `PLZ`, `ORT`) VALUES
(1, '40233', 'Düsseldorf'),
(2, '13599', 'Berlin'),
(3, '81739', 'München'),
(4, '60389', 'Frankfurt a. M.'),
(5, '10785', 'Berlin'),
(6, '70569', 'Stuttgart'),
(7, '22525', 'Hamburg'),
(8, '10787', 'Berlin'),
(9, '50933', 'Köln'),
(10, '89079', 'Ulm'),
(11, '52070', 'Aachen'),
(12, '15236', 'Frankfurt/Oder'),
(13, '13355', 'Berlin'),
(14, '60313', 'Frankfurt a. M.');

-- --------------------------------------------------------

--
-- Struktur des Views `tblcocktail_bild`
--
DROP TABLE IF EXISTS `tblcocktail_bild`;

CREATE ALGORITHM=UNDEFINED DEFINER=`root`@`localhost` SQL SECURITY DEFINER VIEW `tblcocktail_bild`  AS  select `tblcocktail`.`CocktailNr` AS `CocktailNr`,`tblcocktail`.`CocktailBild` AS `CocktailBild` from `tblcocktail` where (`tblcocktail`.`CocktailBild` is not null) ;

-- --------------------------------------------------------

--
-- Struktur des Views `tblcocktail_ohne_bild`
--
DROP TABLE IF EXISTS `tblcocktail_ohne_bild`;

CREATE ALGORITHM=UNDEFINED DEFINER=`root`@`localhost` SQL SECURITY DEFINER VIEW `tblcocktail_ohne_bild`  AS  select `tblcocktail`.`CocktailNr` AS `CocktailNr`,`tblcocktail`.`Cocktail` AS `Cocktail`,`tblcocktail`.`Zubereitung` AS `Zubereitung`,`tblcocktail`.`Bemerkung` AS `Bemerkung`,`tblcocktail`.`GlasNr` AS `Glas`,`tblcocktail`.`GruppeNr` AS `Gruppe`,`tblcocktail`.`Alkoholgehalt` AS `Alkoholgehalt` from `tblcocktail` ;

--
-- Indizes der exportierten Tabellen
--

--
-- Indizes für die Tabelle `tbgast`
--
ALTER TABLE `tbgast`
  ADD PRIMARY KEY (`IDgast`),
  ADD KEY `IDsex` (`IDSex`),
  ADD KEY `IDplz` (`IDplz`);

--
-- Indizes für die Tabelle `tbgastcocktail`
--
ALTER TABLE `tbgastcocktail`
  ADD PRIMARY KEY (`IDgast`,`CocktailNr`,`BewertungsDatum`),
  ADD KEY `CocktailNr` (`CocktailNr`);

--
-- Indizes für die Tabelle `tbgeschlecht`
--
ALTER TABLE `tbgeschlecht`
  ADD PRIMARY KEY (`IDsex`);

--
-- Indizes für die Tabelle `tblcocktail`
--
ALTER TABLE `tblcocktail`
  ADD PRIMARY KEY (`CocktailNr`),
  ADD KEY `GlasNr` (`GlasNr`),
  ADD KEY `GruppeNr` (`GruppeNr`);

--
-- Indizes für die Tabelle `tblcocktailkategorie`
--
ALTER TABLE `tblcocktailkategorie`
  ADD PRIMARY KEY (`CocktailNr`,`KategorieNr`),
  ADD KEY `CocktailNr` (`CocktailNr`),
  ADD KEY `KategorieNr` (`KategorieNr`);

--
-- Indizes für die Tabelle `tblcocktailzutaten`
--
ALTER TABLE `tblcocktailzutaten`
  ADD PRIMARY KEY (`CocktailZutatenNr`),
  ADD KEY `CocktailNr` (`CocktailNr`),
  ADD KEY `ZutatenNr` (`ZutatenNr`),
  ADD KEY `EinheitenNr` (`EinheitenNr`);

--
-- Indizes für die Tabelle `tbleinheiten`
--
ALTER TABLE `tbleinheiten`
  ADD PRIMARY KEY (`EinheitenNr`);

--
-- Indizes für die Tabelle `tblglas`
--
ALTER TABLE `tblglas`
  ADD PRIMARY KEY (`GlasNr`),
  ADD KEY `GlasNr` (`GlasNr`);

--
-- Indizes für die Tabelle `tblgruppe`
--
ALTER TABLE `tblgruppe`
  ADD PRIMARY KEY (`GruppeNr`);

--
-- Indizes für die Tabelle `tblhausbar`
--
ALTER TABLE `tblhausbar`
  ADD PRIMARY KEY (`ZutatenNr`),
  ADD KEY `ZutatenNr` (`ZutatenNr`,`EinheitenNr`),
  ADD KEY `EinheitenNr` (`EinheitenNr`);

--
-- Indizes für die Tabelle `tblkategorie`
--
ALTER TABLE `tblkategorie`
  ADD PRIMARY KEY (`KategorieNr`);

--
-- Indizes für die Tabelle `tblzutat`
--
ALTER TABLE `tblzutat`
  ADD PRIMARY KEY (`ZutatenNr`);

--
-- Indizes für die Tabelle `tbplz`
--
ALTER TABLE `tbplz`
  ADD PRIMARY KEY (`IDplz`);

--
-- AUTO_INCREMENT für exportierte Tabellen
--

--
-- AUTO_INCREMENT für Tabelle `tbgast`
--
ALTER TABLE `tbgast`
  MODIFY `IDgast` int(10) NOT NULL AUTO_INCREMENT, AUTO_INCREMENT=36;

--
-- AUTO_INCREMENT für Tabelle `tbgeschlecht`
--
ALTER TABLE `tbgeschlecht`
  MODIFY `IDsex` int(10) NOT NULL AUTO_INCREMENT, AUTO_INCREMENT=4;

--
-- AUTO_INCREMENT für Tabelle `tblcocktail`
--
ALTER TABLE `tblcocktail`
  MODIFY `CocktailNr` int(11) NOT NULL AUTO_INCREMENT, AUTO_INCREMENT=271;

--
-- AUTO_INCREMENT für Tabelle `tblcocktailzutaten`
--
ALTER TABLE `tblcocktailzutaten`
  MODIFY `CocktailZutatenNr` int(11) NOT NULL AUTO_INCREMENT, AUTO_INCREMENT=1302;

--
-- AUTO_INCREMENT für Tabelle `tbleinheiten`
--
ALTER TABLE `tbleinheiten`
  MODIFY `EinheitenNr` int(11) NOT NULL AUTO_INCREMENT, AUTO_INCREMENT=21;

--
-- AUTO_INCREMENT für Tabelle `tblglas`
--
ALTER TABLE `tblglas`
  MODIFY `GlasNr` int(11) NOT NULL AUTO_INCREMENT, AUTO_INCREMENT=17;

--
-- AUTO_INCREMENT für Tabelle `tblgruppe`
--
ALTER TABLE `tblgruppe`
  MODIFY `GruppeNr` int(11) NOT NULL AUTO_INCREMENT, AUTO_INCREMENT=6;

--
-- AUTO_INCREMENT für Tabelle `tblkategorie`
--
ALTER TABLE `tblkategorie`
  MODIFY `KategorieNr` int(11) NOT NULL AUTO_INCREMENT, AUTO_INCREMENT=7;

--
-- AUTO_INCREMENT für Tabelle `tblzutat`
--
ALTER TABLE `tblzutat`
  MODIFY `ZutatenNr` int(11) NOT NULL AUTO_INCREMENT, AUTO_INCREMENT=194;

--
-- AUTO_INCREMENT für Tabelle `tbplz`
--
ALTER TABLE `tbplz`
  MODIFY `IDplz` int(10) NOT NULL AUTO_INCREMENT, AUTO_INCREMENT=15;

--
-- Constraints der exportierten Tabellen
--

--
-- Constraints der Tabelle `tbgast`
--
ALTER TABLE `tbgast`
  ADD CONSTRAINT `tbgast_ibfk_1` FOREIGN KEY (`IDsex`) REFERENCES `tbgeschlecht` (`IDsex`),
  ADD CONSTRAINT `tbgast_ibfk_2` FOREIGN KEY (`IDplz`) REFERENCES `tbplz` (`IDplz`);

--
-- Constraints der Tabelle `tbgastcocktail`
--
ALTER TABLE `tbgastcocktail`
  ADD CONSTRAINT `tbgastcocktail_ibfk_1` FOREIGN KEY (`CocktailNr`) REFERENCES `tblcocktail` (`CocktailNr`),
  ADD CONSTRAINT `tbgastcocktail_ibfk_2` FOREIGN KEY (`IDgast`) REFERENCES `tbgast` (`IDgast`);

--
-- Constraints der Tabelle `tblcocktail`
--
ALTER TABLE `tblcocktail`
  ADD CONSTRAINT `tblcocktail_ibfk_1` FOREIGN KEY (`GlasNr`) REFERENCES `tblglas` (`GlasNr`),
  ADD CONSTRAINT `tblcocktail_ibfk_2` FOREIGN KEY (`GruppeNr`) REFERENCES `tblgruppe` (`GruppeNr`);

--
-- Constraints der Tabelle `tblcocktailkategorie`
--
ALTER TABLE `tblcocktailkategorie`
  ADD CONSTRAINT `tblcocktailkategorie_ibfk_1` FOREIGN KEY (`CocktailNr`) REFERENCES `tblcocktail` (`CocktailNr`),
  ADD CONSTRAINT `tblcocktailkategorie_ibfk_2` FOREIGN KEY (`KategorieNr`) REFERENCES `tblkategorie` (`KategorieNr`);

--
-- Constraints der Tabelle `tblcocktailzutaten`
--
ALTER TABLE `tblcocktailzutaten`
  ADD CONSTRAINT `tblcocktailzutaten_ibfk_1` FOREIGN KEY (`CocktailNr`) REFERENCES `tblcocktail` (`CocktailNr`),
  ADD CONSTRAINT `tblcocktailzutaten_ibfk_2` FOREIGN KEY (`ZutatenNr`) REFERENCES `tblzutat` (`ZutatenNr`),
  ADD CONSTRAINT `tblcocktailzutaten_ibfk_3` FOREIGN KEY (`EinheitenNr`) REFERENCES `tbleinheiten` (`EinheitenNr`);

--
-- Constraints der Tabelle `tblhausbar`
--
ALTER TABLE `tblhausbar`
  ADD CONSTRAINT `tblhausbar_ibfk_1` FOREIGN KEY (`EinheitenNr`) REFERENCES `tbleinheiten` (`EinheitenNr`),
  ADD CONSTRAINT `tblhausbar_ibfk_2` FOREIGN KEY (`ZutatenNr`) REFERENCES `tblzutat` (`ZutatenNr`);
COMMIT;

/*!40101 SET CHARACTER_SET_CLIENT=@OLD_CHARACTER_SET_CLIENT */;
/*!40101 SET CHARACTER_SET_RESULTS=@OLD_CHARACTER_SET_RESULTS */;
/*!40101 SET COLLATION_CONNECTION=@OLD_COLLATION_CONNECTION */;
